suite,config,model,natural_gradient,mode,stabilization,standardize,safety,job,source_file,dset,RMSE-mean,RMSE-std,NLL-mean,NLL-std,CRPS-mean,CRPS-std,CRPS-calibration-mean,CRPS-calibration-std,CRPS-sharpness-mean,CRPS-sharpness-std,time_run,time_HP,WQL01-mean,WQL01-std,WQL05-mean,WQL05-std,WQL09-mean,WQL09-std,WQL_avg-mean,WQL_avg-std
openml,GluonTS_LSF copy/?/None/None,GluonTS_LSF copy,,,,,,,openml_GluonTS_LSF copy.csv,cpu_act,2.633039132088441,0.13833069242003937,2.032818330365382,0.11011687173682931,1.3940303411689183,0.079795352289174,2.506983092938378,0.108378043147189,1.112952751769459,0.04521646941995845,50.73616732491387,1227.576085805893,0.5378106968310221,0.04084137784359615,0.9479696304899556,0.05938179990141135,0.41231186323462743,0.030505607214805178,0.6326973968518685,0.0318382208747408
openml,GluonTS_LSF copy/?/None/None,GluonTS_LSF copy,,,,,,,openml_GluonTS_LSF copy.csv,wine_quality,0.6826648732396414,0.02064538954943001,1.0614121190686514,0.03752925771455179,0.3425913081795794,0.013537147950947083,0.6463166949811018,0.012205470585064325,0.3037253868015224,0.0031455302451343335,15.528022501203749,841.8072168827057,0.11189018476815088,0.004429002683524025,0.2341316028604164,0.011984765673718038,0.11632364057787783,0.008328753101336059,0.1541151427354817,0.006442364848342859
openml,GluonTS_LSF copy/?/None/None,GluonTS_LSF copy,,,,,,,openml_GluonTS_LSF copy.csv,Ailerons,0.00016769039107630327,4.878412649616705e-06,-7.359574380076619,0.0315767113501651,8.644672404040408e-05,2.675888428648572e-06,0.00015905834343434344,3.1575582113680275e-06,7.261161939393936e-05,8.232177310252782e-07,52.56866767671373,1739.529263496399,3.05559595959596e-05,1.15441737547045e-06,5.950909090909091e-05,1.758286167816233e-06,2.7029171717171713e-05,1.308429168074675e-06,3.9031407407407404e-05,1.2454863543916672e-06
openml,GluonTS_LSF copy/?/None/None,GluonTS_LSF copy,,,,,,,openml_GluonTS_LSF copy.csv,pol,6.622472822521257,0.4035436551303886,88888888881.60458,106574033851.57138,1.6737302222222226,0.1466213283365026,3.0966222222222224,0.206353248605096,1.422892,0.0639827728141541,52.013038873672485,2048.7246930599213,0.5107481481481482,0.04659934591580144,1.1444444444444444,0.09240276838351907,0.6082518518518517,0.05986916416285013,0.7544814814814815,0.05903239723391253
openml,GluonTS_LSF copy/?/None/None,GluonTS_LSF copy,,,,,,,openml_GluonTS_LSF copy.csv,elevators,0.002932952602433233,9.597254788339266e-05,-4.398065607787193,0.0808217224156488,0.001464773604443896,2.7588818099459498e-05,0.0026605412883198456,2.7188852754592198e-05,0.0011957676838759502,7.433453922715489e-06,60.51143762800429,2331.8237516880035,0.0004032922491654381,1.0567983298590006e-05,0.0009837836679246622,1.577477900077976e-05,0.0006118828066939244,2.394076229958247e-05,0.000666319574594675,1.5154014619096841e-05
openml,GluonTS_LSF copy/?/None/None,GluonTS_LSF copy,,,,,,,openml_GluonTS_LSF copy.csv,abalone,2.1462882598305666,0.10911291178467558,2.1350340809141306,0.0757901400499532,1.0993197749934025,0.04232697358472568,2.0764547851352093,0.04264845936506758,0.9771350101418067,0.017785724896372958,5.836419317457411,580.9481911659241,0.27967476098865723,0.0160831691028318,0.7595690592661437,0.02364246249345581,0.445588753877281,0.03702798651316849,0.4949441913773607,0.022002662851743206
openml,GluonTS_LSF copy/?/None/None,GluonTS_LSF copy,,,,,,,openml_GluonTS_LSF copy.csv,Brazilian_houses,0.05575007121250026,0.03312513328121723,-0.7179705691447531,2.3018014363588453,0.020373013835436812,0.0023108382314246914,0.036873158296731365,0.0024628339755621924,0.01650014446129455,0.0003941356067043885,37.407838874393036,1740.8213806152344,0.005718433057745985,0.00041640719744175184,0.014086669696454085,0.0012676505197085223,0.0076501242350103344,0.0019743306584288148,0.009151742329736803,0.0011816293935918523
openml,GluonTS_LSF copy/?/None/None,GluonTS_LSF copy,,,,,,,openml_GluonTS_LSF copy.csv,yprop_4_1,0.028835269305020377,0.004799250981169772,-2.127136963823978,0.14763890516833675,0.014272261472149269,0.0007088659381223317,0.02767951013627942,0.0006439058344275746,0.01340724866413015,8.283620115515757e-05,31.739030016793144,1113.271443605423,0.003758989778124581,0.000331121615150505,0.009497694181456484,0.0004678133777826625,0.006173301913099826,0.00023476534131122302,0.006476661957560298,0.0003269482847558089
openml,GluonTS_LSF copy/?/None/None,GluonTS_LSF copy,,,,,,,openml_GluonTS_LSF copy.csv,sulfur,0.021504355231641927,0.004366597631449992,-2.78770231402313,0.1978023699727517,0.009446522027777772,0.0009919070703905053,0.016798058342151676,0.0010857186846094389,0.007351536314373902,0.00012788517579832845,41.160476287206016,1598.353621006012,0.002628192085537919,0.00017519127494711013,0.0065917983906525575,0.0006368946570234135,0.003533281942239858,0.0006153416807830849,0.004251090806143445,0.000468549347814389
openml,GluonTS_LSF copy/?/None/None,GluonTS_LSF copy,,,,,,,openml_GluonTS_LSF copy.csv,houses,0.2444004321540786,0.007381045474176481,0.12402108780911236,0.25375901988140226,0.1271286457955399,0.0029905499377290683,0.23632937064511672,0.003129509502412218,0.10920072484957684,0.0008188781382922087,74.4813641972012,3323.554658651352,0.042478168864196635,0.0013347174801252486,0.08532922126481193,0.0017254651837071506,0.045935520149657905,0.002453452621126016,0.057914303426222155,0.001413187056778887
openml,GluonTS_LSF copy/?/None/None,GluonTS_LSF copy,,,,,,,openml_GluonTS_LSF copy.csv,MiamiHousing2016,0.1765482814419924,0.01138125111584644,-0.19525007732420752,0.11848417251773308,0.0912154022151298,0.0044422793881819,0.1608628302150904,0.0039471342536951245,0.06964742799996056,0.0008061177411829965,58.146235121621025,2076.8228702545166,0.03476516287903933,0.0026575081067661166,0.060049540965966805,0.0025929361656943676,0.030573099969386848,0.0019720272158505687,0.041795934604797656,0.002230171472508737
openml,GluonTS_LSF copy/?/None/None,GluonTS_LSF copy,,,,,,,openml_GluonTS_LSF copy.csv,Bike_Sharing_Demand,103.13886069006566,2.5986408690049907,5.592912370593331,0.056791567676321736,48.80416969182803,1.4679980740128333,94.25913437995236,1.7475539781063045,45.45496468812433,0.6843167458779373,83.18795360459222,2549.6460013389587,12.95156351414129,0.30947556864256187,34.19412920883702,1.0340111400965504,17.610938975539113,0.8280919832721192,21.585543899505808,0.6844377239611997
openml,GluonTS_LSF copy/?/None/None,GluonTS_LSF copy,,,,,,,openml_GluonTS_LSF copy.csv,house_16H,0.5890266173979914,0.06317535021281452,1.1115821681564058,0.7307736643981374,0.23452801604325751,0.00863248485817629,0.44661750897098695,0.0073984606280914095,0.2120894929277295,0.0024119964405719526,110.95843958854675,3652.985248565674,0.07412594360210939,0.005876048908898305,0.15932642864739158,0.005409433077557426,0.08477617768100762,0.0032648940848951486,0.10607618331016953,0.0038321284842961485
openml,GluonTS_LSF copy/?/None/None,GluonTS_LSF copy,,,,,,,openml_GluonTS_LSF copy.csv,house_sales,0.19034467994581108,0.002628991220854455,-0.18205811560964483,0.031682930757525846,0.10290965274185399,0.0020933653792584122,0.18937818297714637,0.0018249302124705702,0.08646853023529241,0.000551314352054147,76.75005504820082,2663.337393760681,0.03603400756063399,0.0009288779718464641,0.06921569053262697,0.0012639801716418865,0.03501052563086261,0.0013092601155865267,0.04675340790804119,0.0010146070474620324
openml,GluonTS_LSF copy/?/None/None,GluonTS_LSF copy,,,,,,,openml_GluonTS_LSF copy.csv,superconduct,10.26567767158284,0.3375944594496038,3.588334105726915,0.47975520154304796,4.502602901070652,0.14201207317864123,8.219662642286089,0.1732763051908994,3.7170597412154383,0.03979453846691344,34.68105483055115,3036.1202862262726,1.6607371865435436,0.0729168888049767,3.006637978831365,0.08211765728301798,1.4799123841194304,0.08568662549484272,2.0490958498314464,0.07168759927099501
openml,GluonTS_LSF copy/?/None/None,GluonTS_LSF copy,,,,,,,openml_GluonTS_LSF copy.csv,diamonds,0.2348556859618029,0.002498166451359559,-0.03425688105503006,0.013811356084636465,0.1308620844075363,0.001215237366909029,0.2539325969218272,0.001123209220111494,0.12307051251429092,0.0003898232164506081,524.5344353781807,9996.183271884918,0.04071393724498426,0.0006439222100033392,0.0921191278665256,0.0006745006183281056,0.04135549193844313,0.000710047807947405,0.05806285234998433,0.0005304241986823115
openml,GluonTS_LSF/?/None/None,GluonTS_LSF,,,,,,,openml_GluonTS_LSF.csv,wine_quality,0.6826118316628248,0.020669411279910843,1.0597661924141044,0.03640652581673321,0.34105766594234393,0.014070039484229675,0.6409032541846102,0.01296069631746423,0.2998455882422662,0.0026909606215753438,21.858508666356403,844.8701694011688,0.11135977243095886,0.004961773363005432,0.23455915083033727,0.011926395665170357,0.11360655051163526,0.009294598282305486,0.15317515792431047,0.0065599845111241695
openml,GluonTS_LSF/?/None/None,GluonTS_LSF,,,,,,,openml_GluonTS_LSF.csv,Brazilian_houses,0.0616871685174817,0.03943763349659091,-1.6506504779951188,0.5048011082537881,0.014747966854182757,0.002272651743520003,0.025542843437010306,0.002313636110940533,0.010794876582827552,0.0005392894680294582,15.863731622695923,1436.1124670505524,0.004335232061943648,0.0004717699151902251,0.009604571365503812,0.0011874780444880457,0.0064447915744059985,0.0019173743538497623,0.00679486500061782,0.001151523347957451
openml,GluonTS_LSF/?/None/None,GluonTS_LSF,,,,,,,openml_GluonTS_LSF.csv,cpu_act,2.6379255058528805,0.14140244267933233,2.3685426401411647,0.0559677974212314,1.5200312179239008,0.05629895353469723,2.735004622598119,0.0889767051406152,1.2149734046742178,0.05240781913186766,58.47829604148865,1438.972822189331,0.5476222821141521,0.02965524429875924,1.0829776629573378,0.06416579552011194,0.4327693862897114,0.010896611285486676,0.6877897771204005,0.030004198950146336
openml,GluonTS_LSF/?/None/None,GluonTS_LSF,,,,,,,openml_GluonTS_LSF.csv,abalone,2.1601765726828344,0.1124676182129129,2.1488279859863106,0.0628222632707317,1.1097112174375332,0.04176223137933009,2.1136890296375337,0.03725132843534556,1.0039778122000007,0.01764154136799716,5.543811718622844,657.0160677433014,0.2796404535064134,0.015259282660525723,0.7623027574750407,0.028273425687115664,0.4637291633997427,0.037398970913605244,0.5018907914603989,0.024815713505532636
openml,GluonTS_LSF/?/None/None,GluonTS_LSF,,,,,,,openml_GluonTS_LSF.csv,yprop_4_1,0.02865083345686423,0.004785667377196569,-2.076665004028985,0.24384136337050819,0.014387151382018423,0.000652699977031005,0.027041749803891346,0.000587290035942123,0.012654598421872923,0.0001493455657762464,21.872396177715725,1143.6256484985352,0.0038024076787192143,0.0003477386712989428,0.009687441987825847,0.0003713797539359592,0.0060673837284036004,0.0003517631235343938,0.00651907779831622,0.0003274537029759891
openml,GluonTS_LSF/?/None/None,GluonTS_LSF,,,,,,,openml_GluonTS_LSF.csv,sulfur,0.022722906061184982,0.0047051663788110374,-2.541900890811252,0.8317517701731288,0.009626615325077163,0.0009560239137942576,0.017709874979056437,0.0010833282480363548,0.008083259653979274,0.0001433215116790847,58.04716343349881,1548.170505285263,0.0026329430390211643,0.00014906144745522408,0.006689385030864197,0.0006047952268339289,0.0036760595656966486,0.0006183630425156887,0.004332795878527337,0.000452342967747199
openml,GluonTS_LSF/?/None/None,GluonTS_LSF,,,,,,,openml_GluonTS_LSF.csv,elevators,0.002932952602433233,9.597254788339276e-05,-4.380516176164259,0.08831678869621194,0.001464328751106496,3.2580047998057626e-05,0.0026654126830811297,3.256963840999698e-05,0.0012010839319746335,1.0539065813805769e-05,65.08564596705966,2544.356477499008,0.0004045529100529101,1.3316824150257546e-05,0.0009843690615384986,1.955785510082619e-05,0.0006148117670602038,2.645033803425314e-05,0.0006679112462172043,1.680323706896938e-05
openml,GluonTS_LSF/?/None/None,GluonTS_LSF,,,,,,,openml_GluonTS_LSF.csv,MiamiHousing2016,0.17812324086036163,0.01136764123213606,-0.21263462418404305,0.11296519157864275,0.09276659356721415,0.0044141638030094224,0.16526713428159714,0.003986992956882044,0.07250054071438299,0.0008375710273705653,33.63170001241896,1794.7710919380188,0.035167751946688953,0.002517695585337618,0.0615049892222718,0.0024875664764334336,0.030908655822503732,0.0019829357593854954,0.04252713233048817,0.0021634024178585213
openml,GluonTS_LSF/?/None/None,GluonTS_LSF,,,,,,,openml_GluonTS_LSF.csv,Ailerons,0.00016127274921968503,4.2186378923221855e-06,-5.97552946153504,0.0007797969834623079,9.049058828282829e-05,2.962631484992087e-06,0.00012445777777777778,2.9434735847304157e-06,3.39671894949495e-05,3.2521956043602465e-07,104.9412977165646,2361.7702252864838,3.623814141414142e-05,1.8564883658524929e-06,5.701414141414142e-05,1.6694033240719898e-06,3.444799999999999e-05,1.8664602483272603e-06,4.256676094276094e-05,1.4293177109208626e-06
openml,GluonTS_LSF/?/None/None,GluonTS_LSF,,,,,,,openml_GluonTS_LSF.csv,pol,5.162551291269915,0.40074719364762457,2.268727427647497,0.1011077910152208,1.2566966666666666,0.11153917017292267,2.0492814814814815,0.14085344376346445,0.7925848148148148,0.035406528402385305,87.02336920632257,2626.4189105033875,0.4197407407407408,0.0725044498894536,0.8299999999999998,0.06805952369383801,0.475437037037037,0.046401586936582195,0.5750592592592592,0.058204584077903666
openml,GluonTS_LSF/?/None/None,GluonTS_LSF,,,,,,,openml_GluonTS_LSF.csv,houses,0.24129127073282136,0.007059199577760767,0.04368742004837908,0.06559324476938447,0.1257686044346813,0.003096000978905151,0.2292854427308069,0.003208882315296983,0.1035168382961256,0.0005328266835939172,73.79218151834276,3018.3324117660522,0.041854629534850724,0.0016462282763844574,0.08443034974980093,0.0016623778761361639,0.04540068232066278,0.002711582656501938,0.05722855386843814,0.0014978483617872408
openml,GluonTS_LSF/?/None/None,GluonTS_LSF,,,,,,,openml_GluonTS_LSF.csv,Bike_Sharing_Demand,101.23631785388638,2.505623503415803,5.591332609398449,0.04250988303088978,48.394806367674626,1.290668047634659,93.14106723539366,1.6518487690968875,44.74626086771904,0.5937476772609851,90.35878472858005,2962.5204226970673,13.20648435779937,0.326136421392412,33.81491167661398,0.8840493196341334,17.446747367350216,0.7244215674977618,21.489381133921185,0.6061651999561097
openml,GluonTS_LSF/?/None/None,GluonTS_LSF,,,,,,,openml_GluonTS_LSF.csv,house_sales,0.19034467994581108,0.0026289912208544665,-0.18616441482763085,0.03145973853616327,0.10317742508551633,0.001932768462038195,0.18985961665313902,0.0017105347700125764,0.08668219156762269,0.0005100135712283029,76.13406483332317,3483.3908503055573,0.03622404054963991,0.001196893414238189,0.06937742328328751,0.0010835834366109895,0.035111154313338916,0.0012165454216738608,0.04690420604875545,0.0009546788194236562
openml,GluonTS_LSF/?/None/None,GluonTS_LSF,,,,,,,openml_GluonTS_LSF.csv,superconduct,10.254210362938563,0.32962003058218514,3.4894579516695874,0.2406093526823101,4.453232026055923,0.1335421507072796,8.095272258605956,0.164846337444468,3.6420402325500336,0.052329979809718145,67.83267090055678,2841.6746208667755,1.6708286172222564,0.07631756892783782,2.9728319065589996,0.07095301773245492,1.4483760919580038,0.08682778682101763,2.0306788719130866,0.06863981463663313
openml,GluonTS_LSF/?/None/None,GluonTS_LSF,,,,,,,openml_GluonTS_LSF.csv,house_16H,0.5950360880701573,0.06464500365294772,0.860193996977272,0.28309059457431773,0.23277122195740388,0.008296681827708442,0.44140217606294224,0.007806719263627887,0.2086309541055383,0.003536930120809931,129.38177927335104,4169.447184085846,0.06924288947848704,0.004975564773626985,0.15859263557668252,0.005482804352868461,0.08413444135287729,0.0034788236611540276,0.10398998880268227,0.003810257307544816
openml,GluonTS_LSF/?/None/None,GluonTS_LSF,,,,,,,openml_GluonTS_LSF.csv,diamonds,0.2340660911037735,0.002441295093497261,-0.035682862820931735,0.011006158866644631,0.13064115900285964,0.0011472504111941098,0.25171835094787154,0.0010469705642054466,0.12107719194501196,0.0003894690036432008,336.39325692918567,9043.825781583786,0.04068207597373758,0.000542840023036773,0.09191996294316278,0.0007362779622867115,0.041448752648708606,0.0006112190531377948,0.05801693052186965,0.0004944395076130234
openml,GluonTS_LSF/?/None/None,GluonTS_LSF,,,,,,,openml_GluonTS_LSF.csv,nyc-taxi-green-dec-2016,0.35212422411854183,0.0014093316731368512,-0.016553459190437457,0.05749413362405822,0.13191032833814748,0.0006082606338930437,0.2522101005974851,0.0008388715144742378,0.12029977225933769,0.00038947031882608906,3087.3486531575522,91908.03257060051,0.04872567875431967,0.0004506939154248273,0.08839899396208865,0.0003566716453331596,0.04410930835602944,0.00036144005185474086,0.060411327024145915,0.0003177747382537747
openml,LSSboost/natural/exp/MAD,LSSboost,True,exp,MAD,False,False,11733005,openml_LSSboost_natural_exp_MAD_std_False_safety_False_job_11733005.csv,abalone,2.2144203,0.12017377,2.125386658057506,0.06070677683150281,1.1514859223670981,0.05256213819572336,2.21264953983823,0.06185711362465184,1.0611636174711316,0.029014475889034646,0.5331118371751573,1220.3245782852173,0.29004082470051046,0.009334824513481608,0.7930359329727988,0.029879450403510074,0.4508833943928601,0.036185599009126115,0.5113200506887232,0.023389665883788692
openml,LSSboost/natural/exp/MAD,LSSboost,True,exp,MAD,False,False,11733005,openml_LSSboost_natural_exp_MAD_std_False_safety_False_job_11733005.csv,wine_quality,0.6922571,0.023716725,1.0294774035263639,0.03781882620215529,0.3855459220115717,0.014496415383853708,0.73086492059159,0.013414071361081015,0.3453189985800184,0.006202241218884309,0.8567838668823242,1648.645941734314,0.11826360005487063,0.003770122271329687,0.2711204657492395,0.010126346287768763,0.12001795171052411,0.006265939467288724,0.16980067250487807,0.005970188810121073
openml,LSSboost/natural/exp/MAD,LSSboost,True,exp,MAD,False,False,11733005,openml_LSSboost_natural_exp_MAD_std_False_safety_False_job_11733005.csv,cpu_act,2.6081457,0.13060299,2.276043670762654,0.04844842007738539,1.353601653979621,0.05078967465885383,2.4745214484573568,0.07947365837442079,1.1209197944777352,0.03610970057973887,2.379703548219469,1649.7544717788696,0.4669688186166201,0.019869043638214665,0.941422219147062,0.03297042013370882,0.38724252848923624,0.020316145328213468,0.5985445220843061,0.02192196757233696
openml,LSSboost/natural/exp/MAD,LSSboost,True,exp,MAD,False,False,11733005,openml_LSSboost_natural_exp_MAD_std_False_safety_False_job_11733005.csv,elevators,0.0020859229870638777,6.603431371305647e-05,-4.805502602719844,0.015396545419680387,0.0011263061958097563,2.2111129100850845e-05,0.0023769691463603726,1.9074494473481076e-05,0.0012506629505506161,7.05112828866229e-06,12.536739190419516,1684.0503792762756,0.0003392292867722909,6.934046844540725e-06,0.0007666609503360703,1.2238932544683215e-05,0.00039388692294159704,1.4332432973166078e-05,0.0004999257200166528,1.010108934359634e-05
openml,LSSboost/natural/exp/MAD,LSSboost,True,exp,MAD,False,False,11733005,openml_LSSboost_natural_exp_MAD_std_False_safety_False_job_11733005.csv,sulfur,0.01855766847702006,0.003372516087476874,-2.9118229711830494,0.05085185982749452,0.007880044248183527,0.00042625407516858743,0.017458155955745482,0.0007967693488073566,0.009578111707561954,0.0004650421930002229,0.6546350320180258,1940.278002023697,0.0025889029499665058,0.00016719581783310528,0.005309115000804752,0.0002463076692970267,0.00274600240852224,0.0002980209260351081,0.0035480067864311657,0.00021243542542721136
openml,LSSboost/natural/exp/MAD,LSSboost,True,exp,MAD,False,False,11733005,openml_LSSboost_natural_exp_MAD_std_False_safety_False_job_11733005.csv,pol,6.652705,0.43817538,2.3950437078396405,0.1925766607278158,2.3461727903531053,0.22300078486968652,4.514789369322793,0.7337284108232932,2.168616578969688,0.533737545829608,13.090828604168362,2207.7353041172028,0.7242706040808263,0.07027759823329345,1.6558498661959613,0.16585407886308295,0.7656666053231038,0.09026358232147615,1.0485956918666304,0.10722351322425375
openml,LSSboost/natural/exp/MAD,LSSboost,True,exp,MAD,False,False,11733005,openml_LSSboost_natural_exp_MAD_std_False_safety_False_job_11733005.csv,MiamiHousing2016,0.15693560406950124,0.0066882806418647675,-0.5940345451295873,0.04366557549985634,0.07985382984714993,0.002735139110694586,0.15043910199603905,0.0027898237047538623,0.07058527214888916,0.0014612099505244888,6.109929217232598,2455.988998413086,0.027942766726161954,0.001528108071860544,0.054922206965472425,0.0017434824315468915,0.023411298620171328,0.0007543039186995679,0.03542542410393524,0.0012196510687120785
openml,LSSboost/natural/exp/MAD,LSSboost,True,exp,MAD,False,False,11733005,openml_LSSboost_natural_exp_MAD_std_False_safety_False_job_11733005.csv,Ailerons,0.00015989217993929184,5.083771755486186e-06,-7.425750098964871,0.029791108384130828,8.373626215378421e-05,2.328327917864034e-06,0.0001682196364216441,2.18703398632905e-06,8.448337426785988e-05,1.0993090800180057e-06,14.71883922153049,2338.6966865062714,2.8741820611765075e-05,9.54725094473935e-07,5.6558836486707954e-05,1.6559190319562284e-06,2.6364765036687883e-05,1.0884188353964742e-06,3.7221807378386974e-05,1.0745336909775955e-06
openml,LSSboost/natural/exp/MAD,LSSboost,True,exp,MAD,False,False,11733005,openml_LSSboost_natural_exp_MAD_std_False_safety_False_job_11733005.csv,Brazilian_houses,0.06897722853247451,0.032330931574247566,-2.2881385328432553,0.03788430181477832,0.017353053469358407,0.0016153835959197935,0.036405836014020754,0.0023231969192533774,0.019052782544662347,0.00095859935853751,15.845133410559761,2336.8855912685394,0.005907616846695411,0.0005212247332937706,0.011475186207241103,0.000989860359895621,0.006011688383303176,0.0009767487185607952,0.007798163812413231,0.0007275359341896082
openml,LSSboost/natural/exp/MAD,LSSboost,True,exp,MAD,False,False,11733005,openml_LSSboost_natural_exp_MAD_std_False_safety_False_job_11733005.csv,houses,0.23135067879044202,0.008440983255885305,-0.16374775061941774,0.05674429992231497,0.11821589675355934,0.0037474159138015458,0.22191201329200494,0.0046980346444225225,0.10369611653844558,0.0015159616610339404,4.492500755521986,2582.402449131012,0.0363291443420255,0.0009125153145784613,0.0814948680203555,0.0023003050789353464,0.03964378226719313,0.002351470725130195,0.0524892648765247,0.0017280688069244664
openml,LSSboost/natural/exp/MAD,LSSboost,True,exp,MAD,False,False,11733005,openml_LSSboost_natural_exp_MAD_std_False_safety_False_job_11733005.csv,yprop_4_1,0.028650859021558048,0.004752854684604764,-2.150737720098544,0.2192475639994524,0.014842677327421235,0.0006840139805631745,0.029888254849193354,0.000685282976959,0.015045577521772126,0.00029706043111697744,0.5762945016225179,3239.633887529373,0.003992512025219115,0.00032304504676176665,0.009788928580051476,0.00042540164410704326,0.006212222847352717,0.00028410680743026523,0.00666455448420777,0.00032094761668887035
openml,LSSboost/natural/exp/MAD,LSSboost,True,exp,MAD,False,False,11733005,openml_LSSboost_natural_exp_MAD_std_False_safety_False_job_11733005.csv,house_16H,0.5899135003420252,0.06771262590763245,0.38407117701962173,0.04882322114288013,0.22179826840227002,0.007942218992913927,0.4162325427055923,0.010205148816346198,0.1944342743033223,0.0035454925855742145,1.765660630332099,3558.768929004669,0.07059141451216423,0.0042724009863535604,0.15279677982431747,0.0049213636346362895,0.07226556814375895,0.0028119925608903443,0.09855125416008022,0.0035808444520612046
openml,LSSboost/natural/exp/MAD,LSSboost,True,exp,MAD,False,False,11733005,openml_LSSboost_natural_exp_MAD_std_False_safety_False_job_11733005.csv,house_sales,0.18071978330593994,0.0029508732604876632,-0.3979661854333655,0.019865166562817064,0.09428029565813385,0.0016827426770655968,0.18511362068117088,0.001931643359360069,0.09083332502303698,0.0009935194213166836,2.3488605287339954,3776.7056341171265,0.03205121254252832,0.000597067971441038,0.06425045330164354,0.0011679664117551626,0.029311147177543944,0.0006923618481985459,0.04187093767390526,0.0007807428708952275
openml,LSSboost/natural/exp/MAD,LSSboost,True,exp,MAD,False,False,11733005,openml_LSSboost_natural_exp_MAD_std_False_safety_False_job_11733005.csv,Bike_Sharing_Demand,105.79368973704798,2.5945352268154376,5.780775698140298,0.02572210258881859,53.11984509101212,1.4085168457421682,102.24892565385724,1.6779125597371316,49.129080562845125,0.5808784446669347,15.567746586269802,3555.41667675972,12.50197412563076,0.29469826487989326,38.36348253040858,0.9485506106042487,17.65672734639725,0.6264391757135978,22.8407280008122,0.6034125141282835
openml,LSSboost/natural/exp/MAD,LSSboost,True,exp,MAD,False,False,11733005,openml_LSSboost_natural_exp_MAD_std_False_safety_False_job_11733005.csv,diamonds,0.23474855955420862,0.0023873659406226672,-0.060861415086689026,0.012422013942653732,0.13096581552923597,0.001374881510739584,0.255878059976042,0.0008452073976467728,0.12491224444680607,0.000748946714344025,6.744777017169529,5932.941612005234,0.0397624586853999,0.0005083540023806201,0.09198815303984414,0.0009010306827278691,0.04053540989038956,0.0005143754211908643,0.057428673871877875,0.0005818303559421508
openml,LSSboost/natural/exp/MAD,LSSboost,True,exp,MAD,False,False,11733005,openml_LSSboost_natural_exp_MAD_std_False_safety_False_job_11733005.csv,superconduct,11.628006099691703,0.5040110626813209,3.513345636614707,0.0833384595916741,5.49475961729533,0.3234510814779464,10.131749812132394,0.6593058800406479,4.636990194837065,0.33915403447880854,14.63386681344774,7834.7324686050415,1.6760097430927778,0.07903985628812503,3.9396318116450564,0.25576721098455857,1.5749185898327354,0.09236585647449544,2.3968533815235236,0.13490275553836634
openml,LSSboost/natural/exp/MAD,LSSboost,True,exp,MAD,False,False,11733005,openml_LSSboost_natural_exp_MAD_std_False_safety_False_job_11733005.csv,medical_charges,0.08164115215294945,0.0019751738676949617,-1.2059263291886444,0.03130120118148544,0.03879872063594422,0.0005173095950987312,0.08063560988710344,0.0005609766149402894,0.04183688925115923,0.00011775762318551436,18.538287056816948,15242.503430843353,0.009822196969867678,7.65788912468709e-05,0.025807922377207356,0.00030792706825341783,0.017678182041271497,0.00037370615808375086,0.017769433796115508,0.00024705788851528285
openml,LSSboost/natural/exp/MAD,LSSboost,True,exp,MAD,False,False,11733005,openml_LSSboost_natural_exp_MAD_std_False_safety_False_job_11733005.csv,nyc-taxi-green-dec-2016,0.3847468876979849,0.003018419687450398,-0.3492376917817257,0.038814213674208155,0.16511322742953005,0.002177813961701221,0.31606393443506486,0.003920405775431662,0.15095070700553478,0.0018387912368517682,348.58695753415424,56084.67102718353,0.05895537163728432,0.0017861754458970975,0.11485292526872083,0.0009900348007710802,0.04530153216229536,0.0006189201401769573,0.07303660968943351,0.0010637205731551295
openml,LSSboost/natural/exp/MAD,LSSboost,True,exp,MAD,False,False,11757226,openml_LSSboost_natural_exp_MAD_std_False_safety_False_job_11757226.csv,wine_quality,0.6878975,0.023683522,1.0250582033462698,0.03794677493007651,0.38154765830931797,0.015038444570185498,0.7233650070315935,0.015869019256770978,0.34181734872227537,0.0044724399564433975,0.502761099073622,1514.9258825778961,0.12129103560890624,0.0033779054776954223,0.2630783500379757,0.010916903105026958,0.11963276810415271,0.006567447659257227,0.16800071791701154,0.005882179859330343
openml,LSSboost/natural/exp/MAD,LSSboost,True,exp,MAD,False,False,11757226,openml_LSSboost_natural_exp_MAD_std_False_safety_False_job_11757226.csv,cpu_act,8.26816,16.298273,4.05734225808247,4.307639168409268,4.699906923010441,9.676909475599814,9.181119995517864,19.31029415125614,4.481213072507423,9.633422371037241,2.1057478057013617,2140.5330822467804,1.798584713458309,3.8024083092995635,3.745210563093574,8.070550865420756,0.5271435511713869,0.5232914064224989,2.0236462759077565,4.132039028534495
openml,LSSboost/natural/exp/MAD,LSSboost,True,exp,MAD,False,False,11757226,openml_LSSboost_natural_exp_MAD_std_False_safety_False_job_11757226.csv,Brazilian_houses,0.0952218941972971,0.0637407384987297,-1.827223119095515,0.5320565496327427,0.023811721543960194,0.008336034612831038,0.050231927329392106,0.0160295975575431,0.026420205785431902,0.009192921874715269,3.376630518171522,1392.5643734931946,0.009938473805483482,0.0055497884817377495,0.01580439633585541,0.005996415625581678,0.0067772285401991395,0.001025401554040831,0.010840032893846009,0.003968622464539123
openml,LSSboost/natural/exp/MAD,LSSboost,True,exp,MAD,False,False,11757226,openml_LSSboost_natural_exp_MAD_std_False_safety_False_job_11757226.csv,elevators,0.0021898059262326682,7.332266637554252e-05,-4.7738710462103535,0.02052206007145832,0.0011753172085807065,2.31776400040414e-05,0.002374701832771367,3.513388296488514e-05,0.00119938462419066,2.764603485750214e-05,3.4955016242133246,2101.278247117996,0.00034773601625546764,1.1626702425214855e-05,0.0008074833840692493,1.0973702383127554e-05,0.00040459473748575127,1.5185083790776024e-05,0.0005199380459368228,1.1108790961693e-05
openml,LSSboost/natural/exp/MAD,LSSboost,True,exp,MAD,False,False,11757226,openml_LSSboost_natural_exp_MAD_std_False_safety_False_job_11757226.csv,sulfur,0.021504675611884898,0.004418796467297046,-2.885655298396178,0.04486014155954942,0.008329220453491628,0.0004696177177081709,0.018614528391658416,0.0005252447956894672,0.010285307938166784,0.00016176434684363523,1.9720880190531414,1382.1733367443085,0.002600353427152254,0.00015035542600246902,0.005683279148035369,0.00029300531141888524,0.002882407809400805,0.00028310771439587183,0.003722013461529476,0.00022831153770393094
openml,LSSboost/natural/exp/MAD,LSSboost,True,exp,MAD,False,False,11757226,openml_LSSboost_natural_exp_MAD_std_False_safety_False_job_11757226.csv,abalone,2.2289357,0.13209383,2.107505321033974,0.06577856747522874,1.1371653160544546,0.05569139606098003,2.201599155270646,0.058751721881954024,1.0644338392161912,0.025450719676707274,0.3253331449296739,1143.1207971572876,0.30340885358202596,0.015235226805691962,0.7701660849684813,0.030723667501458964,0.4516243710976265,0.0395113030107639,0.5083997698827113,0.026036730602689028
openml,LSSboost/natural/exp/MAD,LSSboost,True,exp,MAD,False,False,11757226,openml_LSSboost_natural_exp_MAD_std_False_safety_False_job_11757226.csv,Ailerons,0.007603256501759197,0.016678355645251962,281799.6151395996,797050.3946156574,0.002938706616559208,0.0034411002102432576,0.005177569593669648,0.004514452316530679,0.00223886297711044,0.002933818759280692,0.3521613809797499,2465.1681022644043,0.0012485814331748928,0.0018002833815752338,0.0013023511400453971,0.0018182252093797066,0.0016623907966780453,0.0027511918795718256,0.001404441123299445,0.0017257368289880083
openml,LSSboost/natural/exp/MAD,LSSboost,True,exp,MAD,False,False,11757226,openml_LSSboost_natural_exp_MAD_std_False_safety_False_job_11757226.csv,houses,0.23373177965148267,0.006566504612884527,-0.15806302310123466,0.04368062863208108,0.11939073194126519,0.002514736444250189,0.2301552410227428,0.0033756431968518658,0.11076450908147763,0.002792994947582399,2.106237623426649,2704.6539628505707,0.03886395214134007,0.0010482876571689687,0.08175779849972334,0.0011070720862519851,0.03869917433842704,0.001967468466355573,0.0531069749931635,0.0012003585595959077
openml,LSSboost/natural/exp/MAD,LSSboost,True,exp,MAD,False,False,11757226,openml_LSSboost_natural_exp_MAD_std_False_safety_False_job_11757226.csv,yprop_4_1,0.028645499399866062,0.004773100326808524,-2.1675036567247625,0.15586561482698805,0.014933443361269984,0.0006807435815041435,0.03147536708093006,0.001576100979974497,0.016541923719660078,0.0013008623150107023,0.6333225833045112,1786.6169505119324,0.0042223143874657336,0.0004103373606481581,0.009834518161171188,0.0004343815071541671,0.005967001837807984,0.00023125527615227824,0.006674611462148301,0.0003042604241656973
openml,LSSboost/natural/exp/MAD,LSSboost,True,exp,MAD,False,False,11757226,openml_LSSboost_natural_exp_MAD_std_False_safety_False_job_11757226.csv,Bike_Sharing_Demand,111.39834361031929,5.002749810337548,5.658388855368191,0.043491572156825815,53.17820330814124,2.25748381053525,102.70043001819984,3.55981068427391,49.52222671005861,1.4904657505592904,6.092301898532444,2120.372025489807,14.649608123612357,0.6679033143975187,37.60849612774195,1.6525053259352531,17.28581606772697,0.7757184270960628,23.18130677302709,0.9727657525553319
openml,LSSboost/natural/exp/MAD,LSSboost,True,exp,MAD,False,False,11757226,openml_LSSboost_natural_exp_MAD_std_False_safety_False_job_11757226.csv,pol,5.1483517,0.35896173,1.979790949498794,0.49970340524305445,1.7637991380296887,0.1618408660790219,2.943936451011889,0.18130855681727928,1.1801373129822004,0.033823373830643724,4.835951725641887,3199.2044093608856,0.5843591206599661,0.08335017635496016,1.1869629682192095,0.09046231430029328,0.6114089200780547,0.08344500746886302,0.7942436696524101,0.08309316119011945
openml,LSSboost/natural/exp/MAD,LSSboost,True,exp,MAD,False,False,11757226,openml_LSSboost_natural_exp_MAD_std_False_safety_False_job_11757226.csv,MiamiHousing2016,0.15948991906496365,0.007744289182070432,-0.5807491058013613,0.0429198249746802,0.08082893572271083,0.002789926772131972,0.1595905053932318,0.004655662940453798,0.07876156967052098,0.0031080358322671036,2.3426342010498047,2357.785566329956,0.02922149815652486,0.0014088422592504859,0.05535453688366921,0.0018643721140546425,0.023146571252694807,0.0008883404380701196,0.03590753543096296,0.0012682887370121948
openml,LSSboost/natural/exp/MAD,LSSboost,True,exp,MAD,False,False,11757226,openml_LSSboost_natural_exp_MAD_std_False_safety_False_job_11757226.csv,house_16H,0.5905234141013795,0.06839307030233568,0.4158441936390347,0.0528755378716347,0.22246168221489096,0.008418580706759545,0.4182218227370444,0.009664420813143617,0.19576014052215335,0.0017878789014430846,2.2564185195498996,3458.0309426784515,0.0738604829586117,0.00411534928688075,0.15276583183229778,0.005350625067186275,0.06977008327235962,0.002959908597294661,0.09879879935442303,0.003685926932076881
openml,LSSboost/natural/exp/MAD,LSSboost,True,exp,MAD,False,False,11757226,openml_LSSboost_natural_exp_MAD_std_False_safety_False_job_11757226.csv,house_sales,0.17803153239194036,0.0028192796923071904,-0.40677017404909205,0.017513385255957355,0.09328669754780688,0.0014792282385523864,0.18413220233647432,0.003072753762059987,0.09084550478866743,0.002602442868767707,8.206616242726644,3730.461727619171,0.032256013446207515,0.0006929175413764322,0.06353221836773014,0.0010240635741102801,0.02841179082084517,0.0006208619960383913,0.04140000754492761,0.0006907262108000033
openml,LSSboost/natural/exp/MAD,LSSboost,True,exp,MAD,False,False,11757226,openml_LSSboost_natural_exp_MAD_std_False_safety_False_job_11757226.csv,diamonds,0.23443591840784622,0.0025365877448486275,-0.060941441494577225,0.012621925548982522,0.13082289340551811,0.0014091316954446631,0.2547425396766163,0.0013902016873307327,0.12391964627109818,0.0005549965624619389,12.712495962778727,5339.158061265945,0.03981389536464218,0.0006168480484702228,0.09182726429207522,0.0009067941940652552,0.040463761242309514,0.0004930380338713269,0.057368306966342306,0.0006017929353372551
openml,LSSboost/natural/exp/MAD,LSSboost,True,exp,MAD,False,False,11757226,openml_LSSboost_natural_exp_MAD_std_False_safety_False_job_11757226.csv,superconduct,15.64303258812189,1.221108443035365,3.7773733427420546,0.22631020794142392,7.5889177976571585,0.7654233956247201,14.588102849609523,1.5965833119373694,6.999185051952365,0.8366389458301194,3.950611670811971,5074.24098277092,2.5739639497294053,0.32580627498866077,5.561618346620598,0.5793062007161369,1.6681096077251285,0.08961444580066537,3.267897301358378,0.32633471025583183
openml,LSSboost/natural/exp/MAD,LSSboost,True,exp,MAD,False,False,11757226,openml_LSSboost_natural_exp_MAD_std_False_safety_False_job_11757226.csv,medical_charges,0.0816157675976795,0.00195857661964948,-1.2071390166807756,0.03259419068824489,0.038762812260657316,0.0005095744850531604,0.08043603872005843,0.000522186624183941,0.04167322645940111,0.00010822601785014662,30.478759765625,13183.098928451538,0.0097798891453487,6.953695130022802e-05,0.025799774844438614,0.0003156298120046624,0.017677111643052246,0.0003638614346730732,0.01775225854427985,0.0002444019630409829
openml,LSSboost/natural/exp/MAD,LSSboost,True,exp,MAD,False,False,11757226,openml_LSSboost_natural_exp_MAD_std_False_safety_False_job_11757226.csv,nyc-taxi-green-dec-2016,0.38556667480098317,0.0020134608013475715,-0.2782019391041973,0.1738421153239725,0.16656120131381963,0.0015169768398864785,0.3187442949870696,0.002432057631780456,0.15218309367324995,0.0012143966706910582,223.2121535672082,45674.11666417122,0.05985709857872781,0.0009300387318858817,0.1153653673553366,0.0007255235341079078,0.04557238471517973,0.0005221556425089581,0.07359828354974803,0.0006836181469376654
openml,LSSboost/natural/exp/None,LSSboost,True,exp,None,False,False,11732546,openml_LSSboost_natural_exp_None_std_False_safety_False_job_11732546.csv,sulfur,0.04201303753125348,0.006956172081977587,-2.4015902686613,0.040928327783880586,0.01574365304214899,0.001063508424825861,0.030411049299806092,0.0019302929238909706,0.014667396257657105,0.00100075103730551,1.7957589096493192,990.1714243888855,0.003953193128805433,0.0003898481462903194,0.01150976657405238,0.0007395074929608856,0.004954447896805867,0.00032940478775854144,0.006805802533221227,0.0004613959586669786
openml,LSSboost/natural/exp/None,LSSboost,True,exp,None,False,False,11732546,openml_LSSboost_natural_exp_None_std_False_safety_False_job_11732546.csv,wine_quality,0.67611617,0.02424879,0.9938031720370785,0.03835216130570755,0.37489583439486596,0.015195062633389721,0.7165844380177643,0.02076131029316627,0.34168860362289827,0.008919196450315506,0.2690900166829427,1314.00763297081,0.11557546728424326,0.003922658834093415,0.26386508441283163,0.010822072212620035,0.11685643292827769,0.005946408972041076,0.16543232820845086,0.006055792103042602
openml,LSSboost/natural/exp/None,LSSboost,True,exp,None,False,False,11732546,openml_LSSboost_natural_exp_None_std_False_safety_False_job_11732546.csv,cpu_act,2.3444872,0.37603638,2.3366808507029284,0.7489222640941346,1.1571948251497435,0.025599682731000925,2.3624097844709033,0.036163982661113044,1.2052149593211596,0.0227644933619986,6.2327704694536,1334.6836066246033,0.40742203221984297,0.021035591421069387,0.7908883358988684,0.01435323983708419,0.34616754351241064,0.007315838371730465,0.5148259705437073,0.010784398109215235
openml,LSSboost/natural/exp/None,LSSboost,True,exp,None,False,False,11732546,openml_LSSboost_natural_exp_None_std_False_safety_False_job_11732546.csv,Brazilian_houses,0.10369782051400896,0.04160490381157717,-1.5083898582958133,0.04323431670272929,0.0363672069009799,0.0017735926929571073,0.06774804192940449,0.002652083425163491,0.03138083502842459,0.0012869809582335382,5.739943239423964,1404.917876958847,0.00790553914543236,0.0005090433022021659,0.028364213831924685,0.0010852500117252987,0.009169906863996657,0.0010187342117905544,0.015146553280451234,0.0007859793203694359
openml,LSSboost/natural/exp/None,LSSboost,True,exp,None,False,False,11732546,openml_LSSboost_natural_exp_None_std_False_safety_False_job_11732546.csv,Bike_Sharing_Demand,102.55207839581756,3.0070823288596555,6.27336984837552,0.008602691574591434,63.63550539705313,1.1962620385051401,164.17483952031986,1.0821925740243457,100.53933412326674,0.2986137920579597,0.14286865128411186,1732.6385731697083,24.210957381690182,0.1657949657207076,34.83908347655026,1.1087784983886122,25.203234109778823,0.2123452381977072,28.08442498933975,0.45509295234352176
openml,LSSboost/natural/exp/None,LSSboost,True,exp,None,False,False,11732546,openml_LSSboost_natural_exp_None_std_False_safety_False_job_11732546.csv,abalone,2.144003,0.112833306,2.078570469543752,0.04824164330429597,1.118342920856212,0.05031545058982197,2.2494406293328324,0.04993440592392578,1.1310977084766198,0.031957836872573545,1.230535586675008,820.6722483634949,0.29306583417469034,0.009014137554040957,0.7642155154519596,0.029154802006651912,0.43383613730034143,0.030248294112577408,0.49703916230899714,0.021732376554486548
openml,LSSboost/natural/exp/None,LSSboost,True,exp,None,False,False,11732546,openml_LSSboost_natural_exp_None_std_False_safety_False_job_11732546.csv,elevators,0.0066816406980722476,0.00020669976502824761,-4.078914542612589,0.020164276187126243,0.002966060653422269,5.5087394185946284e-05,0.005576039172109377,9.19159836161018e-05,0.0026099785186871087,4.2112578864430056e-05,6.345626433690389,1852.757081270218,0.0007007821681068914,1.707200737922407e-05,0.0022789196504956247,4.002506332542291e-05,0.0007540815504092585,1.582237677721924e-05,0.0012445944563372583,2.104937376986046e-05
openml,LSSboost/natural/exp/None,LSSboost,True,exp,None,False,False,11732546,openml_LSSboost_natural_exp_None_std_False_safety_False_job_11732546.csv,pol,4.3440337,0.3770028,2.06588773251333,1.0445816073412069,1.5259441706784738,0.14635084912080765,3.4645360285246514,0.6841775559645441,1.9385918578461778,0.5546653872579084,11.196015622880724,1767.2925925254822,0.5782290251052997,0.09064960129619004,0.9306508594089085,0.04044790504125231,0.5537672022353716,0.10162684522976238,0.6875490289165265,0.06664300655871226
openml,LSSboost/natural/exp/None,LSSboost,True,exp,None,False,False,11732546,openml_LSSboost_natural_exp_None_std_False_safety_False_job_11732546.csv,MiamiHousing2016,0.19515188483329995,0.009165145128514685,-0.36844153170642246,0.047349868550586476,0.09989861020136055,0.0034553103041726416,0.18235163215207517,0.003930401879474162,0.0824530219507146,0.0018102045876921737,3.713004642062717,2026.5233612060547,0.03255209650171132,0.0019186648447053398,0.0699088866591268,0.0023812533931343717,0.029859434273663554,0.0011215175561733444,0.04410680581150056,0.0016620491424708264
openml,LSSboost/natural/exp/None,LSSboost,True,exp,None,False,False,11732546,openml_LSSboost_natural_exp_None_std_False_safety_False_job_11732546.csv,Ailerons,0.00040861902808269945,1.0904236631223758e-05,-6.690342329477491,0.008108490676463083,0.00020456228390130807,3.006021677496069e-06,0.0003860932554348841,4.415146686120533e-06,0.00018153097153357595,1.7010618127614022e-06,1.7480156156751845,2340.0816462039948,5.4024162418392466e-05,1.0205512895299174e-06,0.00015724053802592587,2.273150156886303e-06,4.780855092556622e-05,1.1971235401829756e-06,8.635775045662818e-05,1.0845859024896209e-06
openml,LSSboost/natural/exp/None,LSSboost,True,exp,None,False,False,11732546,openml_LSSboost_natural_exp_None_std_False_safety_False_job_11732546.csv,house_sales,0.20094609201751312,0.003490992546805161,-0.2878104127648619,0.015064508799831358,0.10573982008583444,0.0020131174076753453,0.20219763493892198,0.002385043660627521,0.09645781485308752,0.0008484300933834026,7.578944497638279,2257.3246686458588,0.034817881470420704,0.000640258037672529,0.07282021284649967,0.0013716978604260968,0.03261723403391515,0.0009374963720540858,0.04675177611694517,0.0008871072105567539
openml,LSSboost/natural/exp/None,LSSboost,True,exp,None,False,False,11732546,openml_LSSboost_natural_exp_None_std_False_safety_False_job_11732546.csv,houses,0.257305429039612,0.008266012504760846,-0.04475121606096403,0.047079834460569986,0.1346853793810482,0.0032693512189996923,0.2508256882432324,0.006222678227981963,0.11614030886218425,0.0036042920064553595,3.9727405177222357,2510.6888060569763,0.04020623379248636,0.0006216709538088017,0.09427844923927925,0.0022451754383555375,0.04337717916236058,0.0021967148163957776,0.05928728739804206,0.0014406988831743076
openml,LSSboost/natural/exp/None,LSSboost,True,exp,None,False,False,11732546,openml_LSSboost_natural_exp_None_std_False_safety_False_job_11732546.csv,house_16H,0.59212000584446,0.06996938244336434,0.41450344667250827,0.05580365014833763,0.22677056081588923,0.010158525485208115,0.4245430395581179,0.022375642964145084,0.19777247874222864,0.014320865049681091,3.0643826060824924,2813.1221101284027,0.0708669212350289,0.004951877048563121,0.15685309910727932,0.006429904477678106,0.07357111911987667,0.002725539613492601,0.1004303798207283,0.004457635068066269
openml,LSSboost/natural/exp/None,LSSboost,True,exp,None,False,False,11732546,openml_LSSboost_natural_exp_None_std_False_safety_False_job_11732546.csv,yprop_4_1,0.029699864407160423,0.004727831151120821,-2.102113831745329,0.2305261880776498,0.015446487572950467,0.0007470050107679845,0.030804430459503707,0.0009140425866513074,0.01535794288655324,0.0003831029830715353,1.0558752748701308,2112.410824775696,0.0040931932667982165,0.0003286009997807559,0.010164571883961976,0.000472516182706724,0.006686320637316677,0.00031577110884659776,0.006981361929358956,0.00035679772470227254
openml,LSSboost/natural/exp/None,LSSboost,True,exp,None,False,False,11732546,openml_LSSboost_natural_exp_None_std_False_safety_False_job_11732546.csv,diamonds,0.23523796141059647,0.0024747019230718964,-0.055715756818969134,0.012504055894230957,0.13129142146379028,0.0014023086109680128,0.2546416752102394,0.00129476036347861,0.1233502537464491,0.0004762053377234434,11.822469817267525,3873.791438817978,0.039846500636003014,0.0005543993269628406,0.09215603027087073,0.0009320043792409793,0.04074909119803772,0.0004721627793337555,0.057583874034970485,0.0005935377567280363
openml,LSSboost/natural/exp/None,LSSboost,True,exp,None,False,False,11732546,openml_LSSboost_natural_exp_None_std_False_safety_False_job_11732546.csv,superconduct,9.312269114689009,0.32399411849211535,3.3084900829714448,0.04554002545768493,4.279689710766418,0.12672258973684486,9.422623907745644,0.2300675639752973,5.142934196979227,0.13208974876928628,29.084532843695747,4728.583155632019,1.5829134926488946,0.0653219560228885,2.701552737352224,0.07704002449235833,1.4879023770947541,0.05493879693351602,1.9241228690319576,0.05591848377257636
openml,LSSboost/natural/exp/None,LSSboost,True,exp,None,False,False,11732546,openml_LSSboost_natural_exp_None_std_False_safety_False_job_11732546.csv,medical_charges,0.08704739957022094,0.001969604917348981,-1.1012268129361904,0.029910369539898007,0.043194529097346356,0.0005673291807084366,0.08826800217323764,0.0006098356806048815,0.04507347307589128,0.00011653564311046245,36.84527746836344,8991.969156503677,0.010842072430665402,9.516796585333109e-05,0.028982886925939186,0.00035298545706253956,0.018466277791114188,0.00037761933343221114,0.019430412382572926,0.00026677827870457815
openml,LSSboost/natural/exp/None,LSSboost,True,exp,None,False,False,11732546,openml_LSSboost_natural_exp_None_std_False_safety_False_job_11732546.csv,nyc-taxi-green-dec-2016,0.45543491897822364,0.058245944560196876,0.28955802736817077,0.36553294629242716,0.22421369638505306,0.0457250168616639,0.4450273900971288,0.09631752312244497,0.2208136937120758,0.050598349051752714,94.92403327094183,33678.968916893005,0.07926384083429867,0.018072960727184492,0.16085950435954888,0.03198607146379921,0.05792799793745954,0.011702218238571992,0.0993504477104357,0.020584399544198023
openml,LSSboost/natural/exp/None,LSSboost,True,exp,None,False,False,11750069,openml_LSSboost_natural_exp_None_std_False_safety_False_job_11750069.csv,wine_quality,0.67611617,0.02424879,0.9938031720370785,0.03835216130570755,0.37489583439486596,0.015195062633389721,0.7165844380177643,0.02076131029316627,0.34168860362289827,0.008919196450315506,0.26998549037509495,1374.93057513237,0.11557546728424326,0.003922658834093415,0.26386508441283163,0.010822072212620035,0.11685643292827769,0.005946408972041076,0.16543232820845086,0.006055792103042602
openml,LSSboost/natural/exp/None,LSSboost,True,exp,None,False,False,11750069,openml_LSSboost_natural_exp_None_std_False_safety_False_job_11750069.csv,cpu_act,2.3444872,0.37603638,2.3366808507029284,0.7489222640941346,1.1571948251497435,0.025599682731000925,2.3624097844709033,0.036163982661113044,1.2052149593211596,0.0227644933619986,6.545294072892931,1403.144498348236,0.40742203221984297,0.021035591421069387,0.7908883358988684,0.01435323983708419,0.34616754351241064,0.007315838371730465,0.5148259705437073,0.010784398109215235
openml,LSSboost/natural/exp/None,LSSboost,True,exp,None,False,False,11750069,openml_LSSboost_natural_exp_None_std_False_safety_False_job_11750069.csv,elevators,0.0066816406980722476,0.00020669976502824761,-4.078914542612589,0.020164276187126243,0.002966060653422269,5.5087394185946284e-05,0.005576039172109377,9.19159836161018e-05,0.0026099785186871087,4.2112578864430056e-05,6.488994704352485,1882.4655938148499,0.0007007821681068914,1.707200737922407e-05,0.0022789196504956247,4.002506332542291e-05,0.0007540815504092585,1.582237677721924e-05,0.0012445944563372583,2.104937376986046e-05
openml,LSSboost/natural/exp/None,LSSboost,True,exp,None,False,False,11750069,openml_LSSboost_natural_exp_None_std_False_safety_False_job_11750069.csv,Brazilian_houses,0.10369782051400896,0.04160490381157717,-1.5083898582958133,0.04323431670272929,0.0363672069009799,0.0017735926929571073,0.06774804192940449,0.002652083425163491,0.03138083502842459,0.0012869809582335382,5.880930582682292,1428.6822316646576,0.00790553914543236,0.0005090433022021659,0.028364213831924685,0.0010852500117252987,0.009169906863996657,0.0010187342117905544,0.015146553280451234,0.0007859793203694359
openml,LSSboost/natural/exp/None,LSSboost,True,exp,None,False,False,11750069,openml_LSSboost_natural_exp_None_std_False_safety_False_job_11750069.csv,sulfur,0.04201303753125348,0.006956172081977587,-2.4015902686613,0.040928327783880586,0.01574365304214899,0.001063508424825861,0.030411049299806092,0.0019302929238909706,0.014667396257657105,0.00100075103730551,1.8225844436221652,990.3257932662964,0.003953193128805433,0.0003898481462903194,0.01150976657405238,0.0007395074929608856,0.004954447896805867,0.00032940478775854144,0.006805802533221227,0.0004613959586669786
openml,LSSboost/natural/exp/None,LSSboost,True,exp,None,False,False,11750069,openml_LSSboost_natural_exp_None_std_False_safety_False_job_11750069.csv,Ailerons,0.00040861902808269945,1.0904236631223758e-05,-6.690342329477491,0.008108490676463083,0.00020456228390130807,3.006021677496069e-06,0.0003860932554348841,4.415146686120533e-06,0.00018153097153357595,1.7010618127614022e-06,1.704988718032837,2321.4656262397766,5.4024162418392466e-05,1.0205512895299174e-06,0.00015724053802592587,2.273150156886303e-06,4.780855092556622e-05,1.1971235401829756e-06,8.635775045662818e-05,1.0845859024896209e-06
openml,LSSboost/natural/exp/None,LSSboost,True,exp,None,False,False,11750069,openml_LSSboost_natural_exp_None_std_False_safety_False_job_11750069.csv,Bike_Sharing_Demand,102.55207839581756,3.0070823288596555,6.27336984837552,0.008602691574591434,63.63550539705313,1.1962620385051401,164.17483952031986,1.0821925740243457,100.53933412326674,0.2986137920579597,0.14744411574469674,1814.245901107788,24.210957381690182,0.1657949657207076,34.83908347655026,1.1087784983886122,25.203234109778823,0.2123452381977072,28.08442498933975,0.45509295234352176
openml,LSSboost/natural/exp/None,LSSboost,True,exp,None,False,False,11750069,openml_LSSboost_natural_exp_None_std_False_safety_False_job_11750069.csv,abalone,2.144003,0.112833306,2.078570469543752,0.04824164330429597,1.118342920856212,0.05031545058982197,2.2494406293328324,0.04993440592392578,1.1310977084766198,0.031957836872573545,1.1922305954827204,833.4608430862427,0.29306583417469034,0.009014137554040957,0.7642155154519596,0.029154802006651912,0.43383613730034143,0.030248294112577408,0.49703916230899714,0.021732376554486548
openml,LSSboost/natural/exp/None,LSSboost,True,exp,None,False,False,11750069,openml_LSSboost_natural_exp_None_std_False_safety_False_job_11750069.csv,houses,0.257305429039612,0.008266012504760846,-0.04475121606096403,0.047079834460569986,0.1346853793810482,0.0032693512189996923,0.2508256882432324,0.006222678227981963,0.11614030886218425,0.0036042920064553595,3.9854116439819336,2586.283262491226,0.04020623379248636,0.0006216709538088017,0.09427844923927925,0.0022451754383555375,0.04337717916236058,0.0021967148163957776,0.05928728739804206,0.0014406988831743076
openml,LSSboost/natural/exp/None,LSSboost,True,exp,None,False,False,11750069,openml_LSSboost_natural_exp_None_std_False_safety_False_job_11750069.csv,house_16H,0.59212000584446,0.06996938244336434,0.41450344667250827,0.05580365014833763,0.22677056081588923,0.010158525485208115,0.4245430395581179,0.022375642964145084,0.19777247874222864,0.014320865049681091,3.07327930132548,2814.1562762260437,0.0708669212350289,0.004951877048563121,0.15685309910727932,0.006429904477678106,0.07357111911987667,0.002725539613492601,0.1004303798207283,0.004457635068066269
openml,LSSboost/natural/exp/None,LSSboost,True,exp,None,False,False,11750069,openml_LSSboost_natural_exp_None_std_False_safety_False_job_11750069.csv,house_sales,0.20094609201751312,0.003490992546805161,-0.2878104127648619,0.015064508799831358,0.10573982008583444,0.0020131174076753453,0.20219763493892198,0.002385043660627521,0.09645781485308752,0.0008484300933834026,7.773991584777832,2365.1760380268097,0.034817881470420704,0.000640258037672529,0.07282021284649967,0.0013716978604260968,0.03261723403391515,0.0009374963720540858,0.04675177611694517,0.0008871072105567539
openml,LSSboost/natural/exp/None,LSSboost,True,exp,None,False,False,11750069,openml_LSSboost_natural_exp_None_std_False_safety_False_job_11750069.csv,MiamiHousing2016,0.19515188483329995,0.009165145128514685,-0.36844153170642246,0.047349868550586476,0.09989861020136055,0.0034553103041726416,0.18235163215207517,0.003930401879474162,0.0824530219507146,0.0018102045876921737,4.227664152781169,2247.14098072052,0.03255209650171132,0.0019186648447053398,0.0699088866591268,0.0023812533931343717,0.029859434273663554,0.0011215175561733444,0.04410680581150056,0.0016620491424708264
openml,LSSboost/natural/exp/None,LSSboost,True,exp,None,False,False,11750069,openml_LSSboost_natural_exp_None_std_False_safety_False_job_11750069.csv,yprop_4_1,0.029699864407160423,0.004727831151120821,-2.102113831745329,0.2305261880776498,0.015446487572950467,0.0007470050107679845,0.030804430459503707,0.0009140425866513074,0.01535794288655324,0.0003831029830715353,1.0494835376739502,2099.6458904743195,0.0040931932667982165,0.0003286009997807559,0.010164571883961976,0.000472516182706724,0.006686320637316677,0.00031577110884659776,0.006981361929358956,0.00035679772470227254
openml,LSSboost/natural/exp/None,LSSboost,True,exp,None,False,False,11750069,openml_LSSboost_natural_exp_None_std_False_safety_False_job_11750069.csv,diamonds,0.23523796141059647,0.0024747019230718964,-0.055715756818969134,0.012504055894230957,0.13129142146379028,0.0014023086109680128,0.2546416752102394,0.00129476036347861,0.1233502537464491,0.0004762053377234434,11.927501360575357,3911.2608189582825,0.039846500636003014,0.0005543993269628406,0.09215603027087073,0.0009320043792409793,0.04074909119803772,0.0004721627793337555,0.057583874034970485,0.0005935377567280363
openml,LSSboost/natural/exp/None,LSSboost,True,exp,None,False,False,11750069,openml_LSSboost_natural_exp_None_std_False_safety_False_job_11750069.csv,superconduct,9.312269114689009,0.32399411849211535,3.3084900829714448,0.04554002545768493,4.279689710766418,0.12672258973684486,9.422623907745644,0.2300675639752973,5.142934196979227,0.13208974876928628,22.664958477020264,3842.155827522278,1.5829134926488946,0.0653219560228885,2.701552737352224,0.07704002449235833,1.4879023770947541,0.05493879693351602,1.9241228690319576,0.05591848377257636
openml,LSSboost/natural/exp/None,LSSboost,True,exp,None,False,False,11750069,openml_LSSboost_natural_exp_None_std_False_safety_False_job_11750069.csv,medical_charges,0.08704739957022094,0.001969604917348981,-1.1012268129361904,0.029910369539898007,0.043194529097346356,0.0005673291807084366,0.08826800217323764,0.0006098356806048815,0.04507347307589128,0.00011653564311046245,40.2315493689643,9639.017939805984,0.010842072430665402,9.516796585333109e-05,0.028982886925939186,0.00035298545706253956,0.018466277791114188,0.00037761933343221114,0.019430412382572926,0.00026677827870457815
openml,LSSboost/natural/exp/None,LSSboost,True,exp,None,False,False,11750069,openml_LSSboost_natural_exp_None_std_False_safety_False_job_11750069.csv,nyc-taxi-green-dec-2016,0.45543491897822364,0.058245944560196876,0.28955802736817077,0.36553294629242716,0.22421369638505306,0.0457250168616639,0.4450273900971288,0.09631752312244497,0.2208136937120758,0.050598349051752714,89.40980439715915,33085.84039545059,0.07926384083429867,0.018072960727184492,0.16085950435954888,0.03198607146379921,0.05792799793745954,0.011702218238571992,0.0993504477104357,0.020584399544198023
openml,LSSboost/natural/exp/None,LSSboost,True,exp,None,True,False,11750069,openml_LSSboost_natural_exp_None_std_True_safety_False_job_11750069.csv,pol,9.028588,1.8281015,8216983.25901096,23240961.632373687,69.76928819892787,125.77426939079112,229.90818623831944,419.69769470982305,160.13889803939153,293.92400988230685,7.352221700880262,1671.7317991256714,36.58813796053526,67.0303875979836,2.711793050836634,1.2399495587640597,37.096492744478184,67.60369417190519,25.465474585283363,45.264164726921265
openml,LSSboost/no_natural/exp/MAD,LSSboost,False,exp,MAD,False,False,11732986,openml_LSSboost_no_natural_exp_MAD_std_False_safety_False_job_11732986.csv,abalone,2.3320773,0.14010735,2.12444006842706,0.07377611320985124,1.1620141221371605,0.06087374585047102,2.239243968058567,0.06379807489332982,1.0772298459214067,0.031051996298585488,0.2817913426293267,890.3309347629547,0.314687154853536,0.008950624490340425,0.7882559151829948,0.035029757020306966,0.45684024708789145,0.03998543787445619,0.5199277723748073,0.027498866247036957
openml,LSSboost/no_natural/exp/MAD,LSSboost,False,exp,MAD,False,False,11732986,openml_LSSboost_no_natural_exp_MAD_std_False_safety_False_job_11732986.csv,wine_quality,0.7101628,0.022879867,1.0391575952402354,0.03193113269028546,0.393259413944246,0.013831045111963425,0.7557591845370917,0.013133876861308692,0.3624997705928457,0.004745528857944933,0.6580468018849691,1043.5841224193573,0.12115420568657995,0.003745592027797636,0.2745366537703926,0.009603266851506616,0.12280588700315019,0.006146221667752093,0.17283224882004092,0.005448285682071981
openml,LSSboost/no_natural/exp/MAD,LSSboost,False,exp,MAD,False,False,11732986,openml_LSSboost_no_natural_exp_MAD_std_False_safety_False_job_11732986.csv,Brazilian_houses,0.0750632647250985,0.056246438023632696,-3.2370614833288442,0.19578182167206504,0.008680951630518925,0.0029406860416988454,0.015852268435002953,0.005166368857826635,0.00717131680448403,0.0024001300409375774,2.4428113301595054,1189.0546679496765,0.0025668920086824552,0.0006887339098697048,0.005662641381696641,0.0016929242661242788,0.0035733221770733598,0.001824217543772924,0.003934285189150819,0.001379149473154459
openml,LSSboost/no_natural/exp/MAD,LSSboost,False,exp,MAD,False,False,11732986,openml_LSSboost_no_natural_exp_MAD_std_False_safety_False_job_11732986.csv,cpu_act,16.34359,1.8342334,2.351446126472682,0.039106696657353134,3.2024564134639033,0.3895669698541772,6.079339006115655,0.7676387133397352,2.8768825926517514,0.38294349651035253,1.440717511706882,1526.2914855480194,0.599086519394329,0.03884023941736563,2.445822717409055,0.3307314389945231,1.0869268433800292,0.15593421746316993,1.377278693394471,0.1718070803329643
openml,LSSboost/no_natural/exp/MAD,LSSboost,False,exp,MAD,False,False,11732986,openml_LSSboost_no_natural_exp_MAD_std_False_safety_False_job_11732986.csv,Ailerons,0.00016405276528688771,5.187254561877151e-06,-7.31469824741073,0.015007586292176996,8.984415494323657e-05,1.907226223611848e-06,0.00020666896128458936,2.4001625479222043e-06,0.00011682480634135278,1.3001716184681863e-06,5.494169182247585,1645.9005568027496,3.1721801433526866e-05,7.090994756942068e-07,5.836431554441499e-05,1.5374780974614813e-06,3.0145663562868353e-05,8.138667981400132e-07,4.007726018027007e-05,8.375727623204942e-07
openml,LSSboost/no_natural/exp/MAD,LSSboost,False,exp,MAD,False,False,11732986,openml_LSSboost_no_natural_exp_MAD_std_False_safety_False_job_11732986.csv,elevators,0.0021176035130628258,6.714267066653189e-05,-4.80738616258854,0.01462621736175886,0.001127353917103664,2.036119727567193e-05,0.0023744828263262334,1.952112611892141e-05,0.0012471289092225698,1.0162092613486528e-05,12.00055299864875,1810.545048713684,0.00033810554199012097,6.869859094479794e-06,0.0007641062576185071,1.0767912438363703e-05,0.0004008026319416431,1.5310339045147745e-05,0.000501004810516757,9.82584852324117e-06
openml,LSSboost/no_natural/exp/MAD,LSSboost,False,exp,MAD,False,False,11732986,openml_LSSboost_no_natural_exp_MAD_std_False_safety_False_job_11732986.csv,sulfur,0.023132773815149135,0.004678934535418393,-2.919631678474552,0.11415900077990453,0.008076891840407822,0.00042257741260540453,0.017019142877968307,0.0005224300933487518,0.008942251037560486,0.00017348990844548968,0.13554559813605416,2227.2460157871246,0.002457483587116784,0.00012254186584801602,0.005451090188097228,0.00022571167700843406,0.002936183034100553,0.00034485495309422655,0.0036149189364381887,0.0002009214982781962
openml,LSSboost/no_natural/exp/MAD,LSSboost,False,exp,MAD,False,False,11732986,openml_LSSboost_no_natural_exp_MAD_std_False_safety_False_job_11732986.csv,Bike_Sharing_Demand,125.13088436772553,4.238879189015122,5.692557138970894,0.041080209879513226,56.13286455309905,2.1864447064053683,107.27785897504327,2.628969487673483,51.14499442194423,0.9389777962072036,9.7468790213267,2290.7161345481873,15.79023881718194,0.4111340330940739,39.7865743449435,1.4330764642864833,18.006110040507313,1.0268308905980652,24.527641067544252,0.9259283119666362
openml,LSSboost/no_natural/exp/MAD,LSSboost,False,exp,MAD,False,False,11732986,openml_LSSboost_no_natural_exp_MAD_std_False_safety_False_job_11732986.csv,MiamiHousing2016,0.16640433839066276,0.009637211385898466,-0.6226587311688883,0.05240919550305005,0.08085876111736588,0.003053182121220734,0.1602904085153927,0.002779656869179805,0.07943164739802681,0.0012765078906400793,1.9115497536129422,2588.9559054374695,0.02795066514478885,0.0015336953145058628,0.055257103844833004,0.0021714004914210362,0.02441513896040078,0.0008548472153737334,0.035874302650007545,0.0014191770410328934
openml,LSSboost/no_natural/exp/MAD,LSSboost,False,exp,MAD,False,False,11732986,openml_LSSboost_no_natural_exp_MAD_std_False_safety_False_job_11732986.csv,pol,10.4161415,0.5103082,21.417491176917526,47.586987849281556,4.225972229465108e+20,1.1952854482243242e+21,1.445508059718292e+21,4.088514205146453e+21,1.0229108367717813e+21,2.893228756922129e+21,5.68948761622111,2580.5664722919464,2.3024567905812247e+20,6.512331240035995e+20,2.151886224782025,0.13037026848016656,2.3024567905812238e+20,6.512331240035991e+20,1.534971193720816e+20,4.341554160023995e+20
openml,LSSboost/no_natural/exp/MAD,LSSboost,False,exp,MAD,False,False,11732986,openml_LSSboost_no_natural_exp_MAD_std_False_safety_False_job_11732986.csv,yprop_4_1,0.02871316933246563,0.0047594208408376845,-2.1547818578982803,0.20279752466012904,0.014822537693875093,0.0007437084537722819,0.029701822758900202,0.0011587028737122353,0.01487928506502511,0.0006943826914152203,0.2563328742980957,2774.096508741379,0.0040029243570929305,0.00032838241201919887,0.00976068734022646,0.0004380693479209766,0.0062222981246744975,0.0003439336433277525,0.00666196994066463,0.00034230108013839287
openml,LSSboost/no_natural/exp/MAD,LSSboost,False,exp,MAD,False,False,11732986,openml_LSSboost_no_natural_exp_MAD_std_False_safety_False_job_11732986.csv,house_16H,0.6146423600114795,0.08440023195471337,0.3873494530856149,0.07006814066407951,0.22108345221076384,0.010293813519504421,0.42359579933344693,0.01694914508064489,0.20251234712268318,0.00879912695730072,2.508094867070516,3148.711841106415,0.07059523145130948,0.005023726383542749,0.15050946653730643,0.00652288574031548,0.07313696146113008,0.0033999478798157363,0.09808055314991533,0.004598541375439415
openml,LSSboost/no_natural/exp/MAD,LSSboost,False,exp,MAD,False,False,11732986,openml_LSSboost_no_natural_exp_MAD_std_False_safety_False_job_11732986.csv,houses,0.23886927591715867,0.008297106094952949,-0.17496798107372247,0.05309230171496418,0.11997961472412906,0.00286953402873581,0.23084223283556454,0.00393512554458228,0.11086261811143547,0.0024589238127654236,1.1360282633039687,3678.3333909511566,0.03749927661636449,0.0009142953415803372,0.08258897492908196,0.0016890142447180448,0.03975285130903122,0.0018739853074233592,0.05328036761815923,0.0012864677806617543
openml,LSSboost/no_natural/exp/MAD,LSSboost,False,exp,MAD,False,False,11732986,openml_LSSboost_no_natural_exp_MAD_std_False_safety_False_job_11732986.csv,house_sales,0.18414325748894797,0.00434623311903092,-0.4070481770600837,0.02248601231243084,0.0945108594193866,0.0021411812144735134,0.18909712161591644,0.0024318071048995125,0.09458626219652982,0.0009434919735382971,2.9609616332583957,3668.31489276886,0.03234442692667682,0.000800614443359662,0.0639109419179421,0.001554436171228435,0.02975184131975949,0.0009143706778531413,0.042002403388126136,0.0010118082124161891
openml,LSSboost/no_natural/exp/MAD,LSSboost,False,exp,MAD,False,False,11732986,openml_LSSboost_no_natural_exp_MAD_std_False_safety_False_job_11732986.csv,diamonds,0.23523500839065814,0.002422779737675346,-0.06119009772539273,0.012628063140754974,0.13094282212715597,0.0013267986125133997,0.2562518455180688,0.0011609573584909223,0.12530902339091277,0.00066190238089274,14.754923052257961,6022.259353160858,0.039892509181760474,0.0005412378547778705,0.091907621311139,0.0008559501407075943,0.0405692531921725,0.0005282113191743575,0.05745646122835732,0.0005666725597276788
openml,LSSboost/no_natural/exp/MAD,LSSboost,False,exp,MAD,False,False,11732986,openml_LSSboost_no_natural_exp_MAD_std_False_safety_False_job_11732986.csv,superconduct,14.50017703154834,0.48244463529583587,3.493473213997426,0.06367722599582176,6.517506206102699,0.27949495999839197,12.140714140167475,0.588340768024816,5.623207934064776,0.31251104034606203,18.213414986928303,6964.62447476387,1.936083346793095,0.09714388102828228,4.799717094971016,0.22053059478124892,1.6617346527820938,0.05693929487698752,2.7991783648487343,0.11451969688615224
openml,LSSboost/no_natural/exp/MAD,LSSboost,False,exp,MAD,False,False,11732986,openml_LSSboost_no_natural_exp_MAD_std_False_safety_False_job_11732986.csv,medical_charges,0.08149309686623474,0.002001126352913181,-1.2092707259714293,0.03686941766726611,0.03860804201836768,0.0005095059091584709,0.08024531823839097,0.0005987472291887892,0.041637276220023306,0.0002331629437908179,11.317119227515327,10572.59865474701,0.009799750371222783,8.133892344461055e-05,0.025646577304951273,0.00030518567812846313,0.01762333319246336,0.0003694357902647749,0.017689886956212472,0.0002444299003040868
openml,LSSboost/no_natural/exp/MAD,LSSboost,False,exp,MAD,False,False,11732986,openml_LSSboost_no_natural_exp_MAD_std_False_safety_False_job_11732986.csv,nyc-taxi-green-dec-2016,0.4448924916535924,0.019996888274933747,-0.16819288259936155,0.2838127187958467,0.20788365615971002,0.018725569398516766,0.4032739478928756,0.04373908603950264,0.19539029173316555,0.025035385295321344,91.96369340684679,45042.69366836548,0.08943858737411352,0.005748520010380693,0.14079903688180948,0.01469210288807761,0.0540930338159549,0.004086106466795517,0.09477688602395931,0.0081404091242255
openml,LSSboost/no_natural/exp/None,LSSboost,False,exp,None,False,False,11732371,openml_LSSboost_no_natural_exp_None_std_False_safety_False_job_11732371.csv,abalone,2.1959562,0.13713928,2.091405148021993,0.07294254512594464,1.1201378861962048,0.05679120455707388,2.17595063594804,0.05352189648926091,1.055812749751835,0.026157814609151203,0.09136814541286892,796.164036989212,0.28767286064338504,0.010314144880823134,0.7637151399296513,0.03265503479928229,0.44981699268057757,0.039136547586514,0.5004016644178714,0.026410411201150123
openml,LSSboost/no_natural/exp/None,LSSboost,False,exp,None,False,False,11732371,openml_LSSboost_no_natural_exp_None_std_False_safety_False_job_11732371.csv,wine_quality,0.6815864,0.024710858,0.9955826058403756,0.03596369607093693,0.3766704821896068,0.015361791940301538,0.7186810841483021,0.020033651230249278,0.34201060195869526,0.007379512543216077,0.31867535909016925,1259.6275069713593,0.11695805089028131,0.0041936553523212895,0.2636429382601681,0.01138786082638724,0.11820261455448658,0.005988791523934442,0.16626786790164536,0.006192393583043738
openml,LSSboost/no_natural/exp/None,LSSboost,False,exp,None,False,False,11732371,openml_LSSboost_no_natural_exp_None_std_False_safety_False_job_11732371.csv,sulfur,0.024519092577222432,0.0060775247047440105,-2.869805962583843,0.14932581611227638,0.008844671849635402,0.0013267645401433394,0.017688509177855985,0.003260311990502638,0.008843837328220583,0.0019955169705074796,0.2682030465867784,1297.2607033252716,0.002463049980870344,0.0003597151785204577,0.006141655772409715,0.00087665615448972,0.0031395746918089673,0.0005924412872547477,0.003914760148363009,0.0006029746479425302
openml,LSSboost/no_natural/exp/None,LSSboost,False,exp,None,False,False,11732371,openml_LSSboost_no_natural_exp_None_std_False_safety_False_job_11732371.csv,Brazilian_houses,0.08546996435017279,0.053191115823591324,-2.9429270748215064,0.11831632301519092,0.011773876281795404,0.0021030521921110643,0.021013897793579733,0.003810099763715295,0.009240021511784328,0.0018372105096838391,2.2800669140285916,1279.9860668182373,0.0034407643907490688,0.0006552071547838383,0.008410514630547221,0.0015331055025917897,0.003446252500100262,0.0007510036008029694,0.00509917717379885,0.0008884922830530513
openml,LSSboost/no_natural/exp/None,LSSboost,False,exp,None,False,False,11732371,openml_LSSboost_no_natural_exp_None_std_False_safety_False_job_11732371.csv,MiamiHousing2016,0.1723179460409458,0.008522227827020836,-0.5800753725605189,0.04716280384126731,0.0845623329885869,0.0029795522397015944,0.16028202870382557,0.0037286724814037694,0.07571969571523868,0.0016466846846080654,2.9461182488335504,1302.1126282215118,0.029179887768333128,0.0016536806190865579,0.05836972195560053,0.002036707696668988,0.0247911122324668,0.0007736136126072175,0.037446907318800154,0.0013526751375608941
openml,LSSboost/no_natural/exp/None,LSSboost,False,exp,None,False,False,11732371,openml_LSSboost_no_natural_exp_None_std_False_safety_False_job_11732371.csv,cpu_act,2.5706778,0.107523814,2.8184978628088113,1.767435745188868,1.2946234747571583,0.04629719070804791,2.409318819653233,0.063522034414013,1.1146953448960748,0.031087635465326835,0.5656530857086182,1477.8592603206635,0.4440634720412053,0.020408462521723007,0.9000880900342599,0.03288337102033957,0.36995076457366477,0.013179790567146778,0.5713674422163766,0.02041997825318903
openml,LSSboost/no_natural/exp/None,LSSboost,False,exp,None,False,False,11732371,openml_LSSboost_no_natural_exp_None_std_False_safety_False_job_11732371.csv,elevators,0.0034713504859133987,0.00016910983209639133,-4.749333938099335,0.026223985948380213,0.0014324699771934267,2.9773856323839143e-05,0.00267881583525999,5.416560507830948e-05,0.0012463458580665634,3.321925004626237e-05,4.350264681710137,1438.604582309723,0.0004301121191414797,6.566662363079809e-06,0.00101264895879447,1.8663524130475696e-05,0.0004385164522720385,1.6610518061923613e-05,0.0006270925100693294,1.1183556979490816e-05
openml,LSSboost/no_natural/exp/None,LSSboost,False,exp,None,False,False,11732371,openml_LSSboost_no_natural_exp_None_std_False_safety_False_job_11732371.csv,Bike_Sharing_Demand,100.59519812678181,3.210922081463497,5.472990497116542,0.039701680218394764,47.04986445671935,1.6360655192013538,90.8801801946121,2.060327973083796,43.83031573789274,0.7140400035620917,1.0090724627176921,1518.0476696491241,11.828386928930536,0.2896722319682181,33.39067423995522,1.0691133125768622,16.07581071858185,0.7637646085761689,20.4316239624892,0.6963853473489924
openml,LSSboost/no_natural/exp/None,LSSboost,False,exp,None,False,False,11732371,openml_LSSboost_no_natural_exp_None_std_False_safety_False_job_11732371.csv,Ailerons,0.00016097522526469247,4.312822261747494e-06,-7.467526349517202,0.02853441268692563,8.336814522137763e-05,1.8874714716947986e-06,0.00015967610983316945,2.6964488387330562e-06,7.630796461179185e-05,1.3933806564125785e-06,1.2060445414649115,1589.9727625846863,2.8236395493529008e-05,9.380535660003443e-07,5.7694371350288315e-05,1.4534285767653491e-06,2.4383693165244967e-05,6.715205850726339e-07,3.677148666968744e-05,8.892248146744928e-07
openml,LSSboost/no_natural/exp/None,LSSboost,False,exp,None,False,False,11732371,openml_LSSboost_no_natural_exp_None_std_False_safety_False_job_11732371.csv,yprop_4_1,0.02882318142996761,0.004813182348844543,-2.149962361417023,0.2058197550800713,0.014861455427970528,0.0007796686604409551,0.02959209385475477,0.0012170250388234799,0.014730638426784244,0.0007060818559507258,0.13109927707248265,1821.7313888072968,0.003981025064603137,0.00033161310285324884,0.009791992242649802,0.0004676620904111633,0.0063213831724603185,0.00034940343037839246,0.006698133493237753,0.00036217222436375535
openml,LSSboost/no_natural/exp/None,LSSboost,False,exp,None,False,False,11732371,openml_LSSboost_no_natural_exp_None_std_False_safety_False_job_11732371.csv,pol,11.859761,0.6800583,43.19761403409542,72.71567739782253,3.295463629657935,0.19734835796561895,5.743706189488748,0.2987203731849732,2.4482425598308133,0.13041017052631035,0.4869611793094211,2019.512321472168,0.8856823604655978,0.053030984671573266,2.3655872814743604,0.1327377664237271,1.0469856859734585,0.12086121916302636,1.432751775971139,0.09161773820057934
openml,LSSboost/no_natural/exp/None,LSSboost,False,exp,None,False,False,11732371,openml_LSSboost_no_natural_exp_None_std_False_safety_False_job_11732371.csv,houses,0.2411850739362485,0.008928441677377387,-0.1554425010962603,0.06462532284235799,0.12118868470639946,0.00323869611887315,0.22855259972833672,0.004108069367679945,0.10736391502193728,0.0016958928749517728,0.723584360546536,2143.6691777706146,0.037577598672834896,0.0009967070885986472,0.08353874342733883,0.0019790202516204586,0.040142548769902704,0.0019888281943467607,0.053752963623358824,0.001490790120880207
openml,LSSboost/no_natural/exp/None,LSSboost,False,exp,None,False,False,11732371,openml_LSSboost_no_natural_exp_None_std_False_safety_False_job_11732371.csv,house_sales,0.18400201072070146,0.00431934628100402,-0.3998117798323979,0.02264007256335461,0.09410424893105652,0.001979753913378757,0.18014863702825062,0.002136810827508255,0.08604438809719409,0.000425354505738425,0.8666996161142985,2251.902960538864,0.03207235548195816,0.00081934452687698,0.06413709193712318,0.0013710212167074483,0.029280333740374625,0.0009208275339159226,0.041829927053151986,0.0009310891165986135
openml,LSSboost/no_natural/exp/None,LSSboost,False,exp,None,False,False,11732371,openml_LSSboost_no_natural_exp_None_std_False_safety_False_job_11732371.csv,house_16H,0.6068954356542519,0.0834602093361981,0.38214749902996464,0.077580768071907,0.21848180273026696,0.00919043683894038,0.41608772570020913,0.014819651898943374,0.19760592296994217,0.008853789489162421,1.385424296061198,2471.8656616210938,0.06966118688547526,0.005265969949666655,0.14844469634368138,0.00583538403194955,0.0728619480430959,0.00277401338580932,0.09698927709075084,0.0042698383095790046
openml,LSSboost/no_natural/exp/None,LSSboost,False,exp,None,False,False,11732371,openml_LSSboost_no_natural_exp_None_std_False_safety_False_job_11732371.csv,diamonds,0.23398404759014035,0.002382452486798917,-0.0661772011064191,0.01258362939623345,0.13035129886200905,0.0013834352121447884,0.25506301181835833,0.0011852395388835132,0.12471171295634931,0.00040341271801929107,3.2520711951785617,4028.810546398163,0.03964155411020274,0.0005475834727197926,0.0914351487158829,0.0008863570256801498,0.040553021968567096,0.0004894868090863734,0.05720990826488424,0.0005736236217737813
openml,LSSboost/no_natural/exp/None,LSSboost,False,exp,None,False,False,11732371,openml_LSSboost_no_natural_exp_None_std_False_safety_False_job_11732371.csv,medical_charges,0.08190741835001325,0.002084574317892305,-1.2079270202696213,0.03714681748430552,0.03869237034510385,0.0005368858098955408,0.08054702038242091,0.0006181510681868396,0.04185465003731706,0.00018979457942503965,24.910618199242485,7875.506476640701,0.009917617394685892,9.477345128919847e-05,0.02562950347150933,0.0003378941054599383,0.01763588279034521,0.00036807840110648953,0.017727667885513478,0.0002550657393592174
openml,LSSboost/no_natural/exp/None,LSSboost,False,exp,None,False,False,11732371,openml_LSSboost_no_natural_exp_None_std_False_safety_False_job_11732371.csv,superconduct,10.956219308014456,0.42524806373722895,3.276654816609623,0.13000659876990778,4.8048002695493395,0.17219397774984968,9.038593339124297,0.36648721505423165,4.233793069574958,0.20643266285927198,6.59160312016805,8530.284580945969,1.583273022081824,0.06677344813555215,3.369310435989534,0.11651620570807024,1.4126526208480317,0.07375317826138851,2.1217453596397964,0.07795904419024953
openml,LSSboost/no_natural/exp/None,LSSboost,False,exp,None,False,False,11750058,openml_LSSboost_no_natural_exp_None_std_False_safety_False_job_11750058.csv,wine_quality,0.6815864,0.024710858,0.9955826058403756,0.03596369607093693,0.3766704821896068,0.015361791940301538,0.7186810841483021,0.020033651230249278,0.34201060195869526,0.007379512543216077,0.3228997124565972,1260.6935482025146,0.11695805089028131,0.0041936553523212895,0.2636429382601681,0.01138786082638724,0.11820261455448658,0.005988791523934442,0.16626786790164536,0.006192393583043738
openml,LSSboost/no_natural/exp/None,LSSboost,False,exp,None,False,False,11750058,openml_LSSboost_no_natural_exp_None_std_False_safety_False_job_11750058.csv,sulfur,0.024519092577222432,0.0060775247047440105,-2.869805962583843,0.14932581611227638,0.008844671849635402,0.0013267645401433394,0.017688509177855985,0.003260311990502638,0.008843837328220583,0.0019955169705074796,0.26037316852145725,1282.592802286148,0.002463049980870344,0.0003597151785204577,0.006141655772409715,0.00087665615448972,0.0031395746918089673,0.0005924412872547477,0.003914760148363009,0.0006029746479425302
openml,LSSboost/no_natural/exp/None,LSSboost,False,exp,None,False,False,11750058,openml_LSSboost_no_natural_exp_None_std_False_safety_False_job_11750058.csv,Brazilian_houses,0.08546996435017279,0.053191115823591324,-2.9429270748215064,0.11831632301519092,0.011773876281795404,0.0021030521921110643,0.021013897793579733,0.003810099763715295,0.009240021511784328,0.0018372105096838391,2.405190388361613,1351.6013889312744,0.0034407643907490688,0.0006552071547838383,0.008410514630547221,0.0015331055025917897,0.003446252500100262,0.0007510036008029694,0.00509917717379885,0.0008884922830530513
openml,LSSboost/no_natural/exp/None,LSSboost,False,exp,None,False,False,11750058,openml_LSSboost_no_natural_exp_None_std_False_safety_False_job_11750058.csv,cpu_act,2.5706778,0.107523814,2.8184978628088113,1.767435745188868,1.2946234747571583,0.04629719070804791,2.409318819653233,0.063522034414013,1.1146953448960748,0.031087635465326835,0.5470502641465929,1424.5070450305939,0.4440634720412053,0.020408462521723007,0.9000880900342599,0.03288337102033957,0.36995076457366477,0.013179790567146778,0.5713674422163766,0.02041997825318903
openml,LSSboost/no_natural/exp/None,LSSboost,False,exp,None,False,False,11750058,openml_LSSboost_no_natural_exp_None_std_False_safety_False_job_11750058.csv,elevators,0.0034713504859133987,0.00016910983209639133,-4.749333938099335,0.026223985948380213,0.0014324699771934267,2.9773856323839143e-05,0.00267881583525999,5.416560507830948e-05,0.0012463458580665634,3.321925004626237e-05,4.172918770048353,1359.0414791107178,0.0004301121191414797,6.566662363079809e-06,0.00101264895879447,1.8663524130475696e-05,0.0004385164522720385,1.6610518061923613e-05,0.0006270925100693294,1.1183556979490816e-05
openml,LSSboost/no_natural/exp/None,LSSboost,False,exp,None,False,False,11750058,openml_LSSboost_no_natural_exp_None_std_False_safety_False_job_11750058.csv,Bike_Sharing_Demand,100.59519812678181,3.210922081463497,5.472990497116542,0.039701680218394764,47.04986445671935,1.6360655192013538,90.8801801946121,2.060327973083796,43.83031573789274,0.7140400035620917,1.0089546309577093,1526.4789412021637,11.828386928930536,0.2896722319682181,33.39067423995522,1.0691133125768622,16.07581071858185,0.7637646085761689,20.4316239624892,0.6963853473489924
openml,LSSboost/no_natural/exp/None,LSSboost,False,exp,None,False,False,11750058,openml_LSSboost_no_natural_exp_None_std_False_safety_False_job_11750058.csv,MiamiHousing2016,0.1723179460409458,0.008522227827020836,-0.5800753725605189,0.04716280384126731,0.0845623329885869,0.0029795522397015944,0.16028202870382557,0.0037286724814037694,0.07571969571523868,0.0016466846846080654,2.9622186289893255,1307.749088525772,0.029179887768333128,0.0016536806190865579,0.05836972195560053,0.002036707696668988,0.0247911122324668,0.0007736136126072175,0.037446907318800154,0.0013526751375608941
openml,LSSboost/no_natural/exp/None,LSSboost,False,exp,None,False,False,11750058,openml_LSSboost_no_natural_exp_None_std_False_safety_False_job_11750058.csv,Ailerons,0.00016097522526469247,4.312822261747494e-06,-7.467526349517202,0.02853441268692563,8.336814522137763e-05,1.8874714716947986e-06,0.00015967610983316945,2.6964488387330562e-06,7.630796461179185e-05,1.3933806564125785e-06,1.2760883172353108,1703.0121808052063,2.8236395493529008e-05,9.380535660003443e-07,5.7694371350288315e-05,1.4534285767653491e-06,2.4383693165244967e-05,6.715205850726339e-07,3.677148666968744e-05,8.892248146744928e-07
openml,LSSboost/no_natural/exp/None,LSSboost,False,exp,None,False,False,11750058,openml_LSSboost_no_natural_exp_None_std_False_safety_False_job_11750058.csv,abalone,2.1959562,0.13713928,2.091405148021993,0.07294254512594464,1.1201378861962048,0.05679120455707388,2.17595063594804,0.05352189648926091,1.055812749751835,0.026157814609151203,0.09367047415839301,808.7435004711151,0.28767286064338504,0.010314144880823134,0.7637151399296513,0.03265503479928229,0.44981699268057757,0.039136547586514,0.5004016644178714,0.026410411201150123
openml,LSSboost/no_natural/exp/None,LSSboost,False,exp,None,False,False,11750058,openml_LSSboost_no_natural_exp_None_std_False_safety_False_job_11750058.csv,houses,0.2411850739362485,0.008928441677377387,-0.1554425010962603,0.06462532284235799,0.12118868470639946,0.00323869611887315,0.22855259972833672,0.004108069367679945,0.10736391502193728,0.0016958928749517728,0.7409453656938341,2196.946525812149,0.037577598672834896,0.0009967070885986472,0.08353874342733883,0.0019790202516204586,0.040142548769902704,0.0019888281943467607,0.053752963623358824,0.001490790120880207
openml,LSSboost/no_natural/exp/None,LSSboost,False,exp,None,False,False,11750058,openml_LSSboost_no_natural_exp_None_std_False_safety_False_job_11750058.csv,house_sales,0.18400201072070146,0.00431934628100402,-0.3998117798323979,0.02264007256335461,0.09410424893105652,0.001979753913378757,0.18014863702825062,0.002136810827508255,0.08604438809719409,0.000425354505738425,0.8750119209289551,2216.4684710502625,0.03207235548195816,0.00081934452687698,0.06413709193712318,0.0013710212167074483,0.029280333740374625,0.0009208275339159226,0.041829927053151986,0.0009310891165986135
openml,LSSboost/no_natural/exp/None,LSSboost,False,exp,None,False,False,11750058,openml_LSSboost_no_natural_exp_None_std_False_safety_False_job_11750058.csv,house_16H,0.6068954356542519,0.0834602093361981,0.38214749902996464,0.077580768071907,0.21848180273026696,0.00919043683894038,0.41608772570020913,0.014819651898943374,0.19760592296994217,0.008853789489162421,1.4872949123382568,2683.2815129756927,0.06966118688547526,0.005265969949666655,0.14844469634368138,0.00583538403194955,0.0728619480430959,0.00277401338580932,0.09698927709075084,0.0042698383095790046
openml,LSSboost/no_natural/exp/None,LSSboost,False,exp,None,False,False,11750058,openml_LSSboost_no_natural_exp_None_std_False_safety_False_job_11750058.csv,yprop_4_1,0.02882318142996761,0.004813182348844543,-2.149962361417023,0.2058197550800713,0.014861455427970528,0.0007796686604409551,0.02959209385475477,0.0012170250388234799,0.014730638426784244,0.0007060818559507258,0.13934180471632215,1875.6802217960358,0.003981025064603137,0.00033161310285324884,0.009791992242649802,0.0004676620904111633,0.0063213831724603185,0.00034940343037839246,0.006698133493237753,0.00036217222436375535
openml,LSSboost/no_natural/exp/None,LSSboost,False,exp,None,False,False,11750058,openml_LSSboost_no_natural_exp_None_std_False_safety_False_job_11750058.csv,diamonds,0.23398404759014035,0.002382452486798917,-0.0661772011064191,0.01258362939623345,0.13035129886200905,0.0013834352121447884,0.25506301181835833,0.0011852395388835132,0.12471171295634931,0.00040341271801929107,3.428074757258097,4103.129788160324,0.03964155411020274,0.0005475834727197926,0.0914351487158829,0.0008863570256801498,0.040553021968567096,0.0004894868090863734,0.05720990826488424,0.0005736236217737813
openml,LSSboost/no_natural/exp/None,LSSboost,False,exp,None,False,False,11750058,openml_LSSboost_no_natural_exp_None_std_False_safety_False_job_11750058.csv,medical_charges,0.08190741835001325,0.002084574317892305,-1.2079270202696213,0.03714681748430552,0.03869237034510385,0.0005368858098955408,0.08054702038242091,0.0006181510681868396,0.04185465003731706,0.00018979457942503965,25.396690050760906,8015.168749809265,0.009917617394685892,9.477345128919847e-05,0.02562950347150933,0.0003378941054599383,0.01763588279034521,0.00036807840110648953,0.017727667885513478,0.0002550657393592174
openml,LSSboost/no_natural/exp/None,LSSboost,False,exp,None,False,False,11750058,openml_LSSboost_no_natural_exp_None_std_False_safety_False_job_11750058.csv,superconduct,10.956219308014456,0.42524806373722895,3.276654816609623,0.13000659876990778,4.8048002695493395,0.17219397774984968,9.038593339124297,0.36648721505423165,4.233793069574958,0.20643266285927198,6.5712184111277265,8731.791622638702,1.583273022081824,0.06677344813555215,3.369310435989534,0.11651620570807024,1.4126526208480317,0.07375317826138851,2.1217453596397964,0.07795904419024953
openml,LSSboost/no_natural/exp/None,LSSboost,False,exp,None,False,False,11752126,openml_LSSboost_no_natural_exp_None_std_False_safety_False_job_11752126.csv,abalone,2.196873,0.14065598,2.0867458333177344,0.069576719447264,1.111905911893628,0.05765549404080727,2.1825999723712206,0.06141291595928054,1.0706940604775927,0.03338020681996076,0.23096050156487358,986.6902451515198,0.3042595123553976,0.013124445669100471,0.7483013885331586,0.03187634695995607,0.44566864317609295,0.04171521703004926,0.49940984802154975,0.026535619382780297
openml,LSSboost/no_natural/exp/None,LSSboost,False,exp,None,False,False,11752126,openml_LSSboost_no_natural_exp_None_std_False_safety_False_job_11752126.csv,wine_quality,0.6801548,0.025878724,0.994528774633804,0.04342146890348877,0.3751137835446257,0.016265565630059466,0.7245897611136521,0.021375895649278918,0.34947597756902643,0.008645572800119815,0.48458027839660645,1282.578289270401,0.12010065756330052,0.004479924043538244,0.2591753361598237,0.011543836077056453,0.11652303427838653,0.006937568151549696,0.16526634266717022,0.006382822830521102
openml,LSSboost/no_natural/exp/None,LSSboost,False,exp,None,False,False,11752126,openml_LSSboost_no_natural_exp_None_std_False_safety_False_job_11752126.csv,Brazilian_houses,0.07642562965869806,0.048381939022029044,-2.9768473739769212,0.061952645123946555,0.010764203917011541,0.0019599423456847904,0.019098710438576038,0.002740607791164535,0.008334506521564497,0.0011222458486944969,0.6841549078623453,1245.9387021064758,0.0034027268409771096,0.000535350223610574,0.007448599207856561,0.0012903378202292857,0.003369764188839826,0.0008224696250008877,0.004740363412557832,0.0008514613863820094
openml,LSSboost/no_natural/exp/None,LSSboost,False,exp,None,False,False,11752126,openml_LSSboost_no_natural_exp_None_std_False_safety_False_job_11752126.csv,yprop_4_1,0.029000440561623216,0.004811422342457594,-2.163473279226144,0.18227870019787507,0.014700418452885937,0.0007771807095340351,0.029419485219540395,0.0012620871184096795,0.014719066766654458,0.0008330839771825926,0.24221205711364746,1482.604918718338,0.004235596825698402,0.00041849226691876386,0.009530863362729585,0.0004713176747748978,0.00610728336991064,0.0002994570493637748,0.006624581186112875,0.0003518681410972513
openml,LSSboost/no_natural/exp/None,LSSboost,False,exp,None,False,False,11752126,openml_LSSboost_no_natural_exp_None_std_False_safety_False_job_11752126.csv,cpu_act,2.5419655,0.36932337,9.156854344474798,19.53557056731501,1.242005204156512,0.031372925185020335,2.319302453278612,0.044236041682902565,1.0772972491221,0.023389879591605822,0.9841140641106499,1613.7041697502136,0.43979515007625014,0.026498833966086075,0.8649805578519832,0.020021862986991185,0.33781866837157765,0.005148617629337878,0.5475314587666037,0.01322387355022971
openml,LSSboost/no_natural/exp/None,LSSboost,False,exp,None,False,False,11752126,openml_LSSboost_no_natural_exp_None_std_False_safety_False_job_11752126.csv,sulfur,0.024847080047775305,0.00556292265060346,-2.9134660807400308,0.04171778453225508,0.00856279182307425,0.0005039467690150728,0.01751686056152576,0.0007277970024854625,0.00895406873845151,0.00035162957219091477,0.25364118152194554,1691.828775882721,0.002212585353170945,0.00015876703049968446,0.006011775077855355,0.00030861333475254134,0.0030839192039279926,0.00030688371516653947,0.003769426544984764,0.00023674030635830866
openml,LSSboost/no_natural/exp/None,LSSboost,False,exp,None,False,False,11752126,openml_LSSboost_no_natural_exp_None_std_False_safety_False_job_11752126.csv,elevators,0.0025273669669672177,9.257666880278003e-05,-4.759135834836592,0.0274553810954319,0.0012270841634734642,2.0110980833271253e-05,0.002231568437173455,2.2886597322455774e-05,0.0010044842736999912,1.1068084918267743e-05,1.9166368113623724,1889.4779942035675,0.00034419683358112227,6.022104109273241e-06,0.0008433308126036304,1.1727278878141178e-05,0.0004490730940968251,1.730321682289351e-05,0.0005455335800938594,9.825206346051668e-06
openml,LSSboost/no_natural/exp/None,LSSboost,False,exp,None,False,False,11752126,openml_LSSboost_no_natural_exp_None_std_False_safety_False_job_11752126.csv,Bike_Sharing_Demand,98.59601409675207,2.554299217006351,5.460300878117525,0.0383782233506302,46.37454396855882,1.4261696327421653,87.42680552542441,1.7345266072692367,41.05226155686558,0.579435755088921,0.6742161644829644,1879.9691243171692,11.76193662902225,0.2542128314682994,32.892212792198414,0.8922147563993638,15.868887187781358,0.7258749437955367,20.174345536334002,0.606152644643865
openml,LSSboost/no_natural/exp/None,LSSboost,False,exp,None,False,False,11752126,openml_LSSboost_no_natural_exp_None_std_False_safety_False_job_11752126.csv,pol,7.8891034,1.5384028,1.5275364440902182,2.6370804676675337,2.867844198125214,1.2217431961798606,4.658723260261386,0.9725463357147226,1.7908790621361712,0.27887801309330906,1.0142775906456842,1997.211867570877,0.8140077783792004,0.12868607995232892,1.9671830186810757,0.5745232941410032,1.065688431509106,1.1918489510425514,1.2822930761897942,0.6291438028967908
openml,LSSboost/no_natural/exp/None,LSSboost,False,exp,None,False,False,11752126,openml_LSSboost_no_natural_exp_None_std_False_safety_False_job_11752126.csv,MiamiHousing2016,0.16736396878028256,0.009694457271328562,-0.5743312307391124,0.05570114956996444,0.08321337634269682,0.0034728776590173044,0.15730430745211588,0.0033628896137346746,0.07409093110941904,0.0007981229852805117,1.0494146876864963,1935.3827950954437,0.029467640593323668,0.0014882382190168197,0.05764968008327525,0.0023799114964755804,0.023179115540130163,0.001199572314564033,0.03676547873890969,0.0015833255609006875
openml,LSSboost/no_natural/exp/None,LSSboost,False,exp,None,False,False,11752126,openml_LSSboost_no_natural_exp_None_std_False_safety_False_job_11752126.csv,Ailerons,0.00015788562299827162,4.706756751771925e-06,-7.48350346087051,0.033808554919763055,8.17424260199282e-05,2.2472164622080436e-06,0.00015638817030781693,2.8939821529886977e-06,7.464574428788874e-05,9.75871815565795e-07,0.6686116854349772,2023.563874721527,2.7828344871564275e-05,1.021149562434111e-06,5.634412202931413e-05,1.6327885832648376e-06,2.4336679861253176e-05,7.739507218404981e-07,3.6169715587377194e-05,1.0583079741722262e-06
openml,LSSboost/no_natural/exp/None,LSSboost,False,exp,None,False,False,11752126,openml_LSSboost_no_natural_exp_None_std_False_safety_False_job_11752126.csv,houses,0.23882415021543427,0.00765423039669135,-0.18823054130272776,0.04852976443360243,0.11978103994878407,0.002871211195209543,0.2275640184727233,0.003729215989817334,0.10778297852393921,0.001979818797142672,1.9562147988213434,2555.162587404251,0.0380431285655163,0.000956004189123455,0.08236402271686673,0.0017371973518619567,0.039103884109000495,0.001877202687112952,0.05317034513046117,0.0012954662726379286
openml,LSSboost/no_natural/exp/None,LSSboost,False,exp,None,False,False,11752126,openml_LSSboost_no_natural_exp_None_std_False_safety_False_job_11752126.csv,house_sales,0.18008277260937647,0.003311042773972872,-0.42214472748705467,0.02466252883821377,0.09318249267621342,0.001616563450646688,0.18136946288046374,0.0014300563354776245,0.08818697020425033,0.0011090298784296464,1.1853873199886746,2569.4484124183655,0.031959433159215705,0.0004997670146755393,0.06377888620085512,0.001130389882875328,0.028210391161428507,0.000877343699443207,0.04131623684049977,0.0007605843749460685
openml,LSSboost/no_natural/exp/None,LSSboost,False,exp,None,False,False,11752126,openml_LSSboost_no_natural_exp_None_std_False_safety_False_job_11752126.csv,house_16H,0.5835738151432776,0.07249747300054002,0.35958578801205093,0.06393740619066313,0.21314958369108716,0.008179304890134012,0.40942847489627326,0.010591797691628393,0.19627889120518616,0.005751432958167244,2.004939741558499,2873.551502466202,0.07090521447562717,0.00486983260980675,0.14476454110935977,0.004889532857183388,0.069886579970717,0.003127736846270132,0.09518544518523465,0.003767813157929644
openml,LSSboost/no_natural/exp/None,LSSboost,False,exp,None,False,False,11752126,openml_LSSboost_no_natural_exp_None_std_False_safety_False_job_11752126.csv,diamonds,0.23388706701749312,0.002337661566134703,-0.06532815930577858,0.011363373152886857,0.13041499425241085,0.0013032057114579377,0.25666951872372185,0.0012981238567138064,0.126254524471311,0.0006983420699313779,3.208689504199558,3774.7668919563293,0.039814224319652654,0.000494547716332988,0.09146442328498655,0.0008671687320998515,0.040464157005529716,0.0004505632487831748,0.05724760153672296,0.0005446257247163213
openml,LSSboost/no_natural/exp/None,LSSboost,False,exp,None,False,False,11752126,openml_LSSboost_no_natural_exp_None_std_False_safety_False_job_11752126.csv,superconduct,10.933147521786204,0.32386325520623466,3.285546858611257,0.09457675935245627,4.8722612676394235,0.1533208889699005,8.983386388582652,0.18995427841587836,4.111125120943229,0.05863492490964872,2.680293904410468,6580.611638784409,1.6726672791695183,0.07938721455503728,3.3782452258488593,0.09526288700497518,1.4231035238350025,0.07046626518353741,2.1580053429511263,0.07314533071484274
openml,LSSboost/no_natural/exp/None,LSSboost,False,exp,None,False,False,11752126,openml_LSSboost_no_natural_exp_None_std_False_safety_False_job_11752126.csv,medical_charges,0.08165090522720572,0.0020327928418188202,-1.2101687956634084,0.02885641748014735,0.0386560281708994,0.0005230550560126283,0.08047377574848381,0.0005394467933839958,0.04181774757758441,0.00011654274272712177,15.666853004031712,7568.23406457901,0.009904634340314723,6.69018634058444e-05,0.02555885211793061,0.00032643666683058477,0.017686565961331967,0.0003685389908057351,0.0177166841398591,0.0002490812390848912
openml,LSSboost/no_natural/exp/None,LSSboost,False,exp,None,False,True,11733805,openml_LSSboost_no_natural_exp_None_std_False_safety_True_job_11733805.csv,wine_quality,0.6815863836006355,0.024710860872863113,0.9955826070173297,0.0359636962560036,0.3766704821896068,0.015361791940301538,0.7186810841483021,0.020033651230249278,0.34201060195869526,0.007379512543216077,0.3286799324883355,1277.4638197422028,0.11695805089028131,0.0041936553523212895,0.2636429382601681,0.01138786082638724,0.11820261455448658,0.005988791523934442,0.16626786790164536,0.006192393583043738
openml,LSSboost/no_natural/exp/None,LSSboost,False,exp,None,False,True,11733805,openml_LSSboost_no_natural_exp_None_std_False_safety_True_job_11733805.csv,abalone,2.195956175864389,0.1371392864587832,2.0914051461159757,0.07294254392977766,1.1201378861962048,0.05679120455707388,2.17595063594804,0.05352189648926091,1.055812749751835,0.026157814609151203,0.09125539991590711,790.8655409812927,0.28767286064338504,0.010314144880823134,0.7637151399296513,0.03265503479928229,0.44981699268057757,0.039136547586514,0.5004016644178714,0.026410411201150123
openml,LSSboost/no_natural/exp/None,LSSboost,False,exp,None,False,True,11733805,openml_LSSboost_no_natural_exp_None_std_False_safety_True_job_11733805.csv,Brazilian_houses,0.08546996435017279,0.053191115823591324,-2.9429270606014177,0.11831632461979576,0.011773876281795404,0.0021030521921110643,0.021013897793579733,0.003810099763715295,0.009240021511784328,0.0018372105096838391,2.381364928351508,1322.008264541626,0.0034407643907490688,0.0006552071547838383,0.008410514630547221,0.0015331055025917897,0.003446252500100262,0.0007510036008029694,0.00509917717379885,0.0008884922830530513
openml,LSSboost/no_natural/exp/None,LSSboost,False,exp,None,False,True,11733805,openml_LSSboost_no_natural_exp_None_std_False_safety_True_job_11733805.csv,cpu_act,2.570677736264839,0.10752375324494022,2.8184979071709377,1.7674358700246204,1.2946234747571583,0.04629719070804791,2.409318819653233,0.063522034414013,1.1146953448960748,0.031087635465326835,0.5544583002726237,1444.5224919319153,0.4440634720412053,0.020408462521723007,0.9000880900342599,0.03288337102033957,0.36995076457366477,0.013179790567146778,0.5713674422163766,0.02041997825318903
openml,LSSboost/no_natural/exp/None,LSSboost,False,exp,None,False,True,11733805,openml_LSSboost_no_natural_exp_None_std_False_safety_True_job_11733805.csv,elevators,0.0034713504859133987,0.00016910983209639133,-4.7493339193881114,0.02622398494643731,0.0014324699771934267,2.9773856323839143e-05,0.00267881583525999,5.416560507830948e-05,0.0012463458580665634,3.321925004626237e-05,4.2465341620975074,1374.99640250206,0.0004301121191414797,6.566662363079809e-06,0.00101264895879447,1.8663524130475696e-05,0.0004385164522720385,1.6610518061923613e-05,0.0006270925100693294,1.1183556979490816e-05
openml,LSSboost/no_natural/exp/None,LSSboost,False,exp,None,False,True,11733805,openml_LSSboost_no_natural_exp_None_std_False_safety_True_job_11733805.csv,Bike_Sharing_Demand,100.59519812678181,3.210922081463497,5.4729905044733975,0.03970168033557803,47.04986445671935,1.6360655192013538,90.8801801946121,2.060327973083796,43.83031573789274,0.7140400035620917,0.9792056878407797,1486.026798248291,11.828386928930536,0.2896722319682181,33.39067423995522,1.0691133125768622,16.07581071858185,0.7637646085761689,20.4316239624892,0.6963853473489924
openml,LSSboost/no_natural/exp/None,LSSboost,False,exp,None,False,True,11733805,openml_LSSboost_no_natural_exp_None_std_False_safety_True_job_11733805.csv,sulfur,0.024519092577222432,0.0060775247047440105,-2.8698059488748746,0.14932581442144294,0.008844671849635402,0.0013267645401433394,0.017688509177855985,0.003260311990502638,0.008843837328220583,0.0019955169705074796,0.26990071932474774,1280.5809211730957,0.002463049980870344,0.0003597151785204577,0.006141655772409715,0.00087665615448972,0.0031395746918089673,0.0005924412872547477,0.003914760148363009,0.0006029746479425302
openml,LSSboost/no_natural/exp/None,LSSboost,False,exp,None,False,True,11733805,openml_LSSboost_no_natural_exp_None_std_False_safety_True_job_11733805.csv,Ailerons,0.00016097522526469247,4.312822261747494e-06,-7.467526321293538,0.028534410434465494,8.336814522137763e-05,1.8874714716947986e-06,0.00015967610983316945,2.6964488387330562e-06,7.630796461179185e-05,1.3933806564125785e-06,1.347915940814548,1669.2926428318024,2.8236395493529008e-05,9.380535660003443e-07,5.7694371350288315e-05,1.4534285767653491e-06,2.4383693165244967e-05,6.715205850726339e-07,3.677148666968744e-05,8.892248146744928e-07
openml,LSSboost/no_natural/exp/None,LSSboost,False,exp,None,False,True,11733805,openml_LSSboost_no_natural_exp_None_std_False_safety_True_job_11733805.csv,MiamiHousing2016,0.1723179460409458,0.008522227827020836,-0.5800753659110462,0.0471628044895057,0.0845623329885869,0.0029795522397015944,0.16028202870382557,0.0037286724814037694,0.07571969571523868,0.0016466846846080654,2.9528494940863714,1313.7247791290283,0.029179887768333128,0.0016536806190865579,0.05836972195560053,0.002036707696668988,0.0247911122324668,0.0007736136126072175,0.037446907318800154,0.0013526751375608941
openml,LSSboost/no_natural/exp/None,LSSboost,False,exp,None,False,True,11733805,openml_LSSboost_no_natural_exp_None_std_False_safety_True_job_11733805.csv,pol,11.859761313903654,0.6800583776004208,43.19761415463992,72.715677441056,3.295463629657935,0.19734835796561895,5.743706189488748,0.2987203731849732,2.4482425598308133,0.13041017052631035,0.4998883141411675,2046.9967687129974,0.8856823604655978,0.053030984671573266,2.3655872814743604,0.1327377664237271,1.0469856859734585,0.12086121916302636,1.432751775971139,0.09161773820057934
openml,LSSboost/no_natural/exp/None,LSSboost,False,exp,None,False,True,11733805,openml_LSSboost_no_natural_exp_None_std_False_safety_True_job_11733805.csv,yprop_4_1,0.02882318142996761,0.004813182348844543,-2.149962350133427,0.20581975557684015,0.014861455427970528,0.0007796686604409551,0.02959209385475477,0.0012170250388234799,0.014730638426784244,0.0007060818559507258,0.13184420267740884,1802.6700625419617,0.003981025064603137,0.00033161310285324884,0.009791992242649802,0.0004676620904111633,0.0063213831724603185,0.00034940343037839246,0.006698133493237753,0.00036217222436375535
openml,LSSboost/no_natural/exp/None,LSSboost,False,exp,None,False,True,11733805,openml_LSSboost_no_natural_exp_None_std_False_safety_True_job_11733805.csv,houses,0.2411850739362485,0.008928441677377387,-0.15544249642560734,0.06462532258130145,0.12118868470639946,0.00323869611887315,0.22855259972833672,0.004108069367679945,0.10736391502193728,0.0016958928749517728,0.789212253358629,2339.3110184669495,0.037577598672834896,0.0009967070885986472,0.08353874342733883,0.0019790202516204586,0.040142548769902704,0.0019888281943467607,0.053752963623358824,0.001490790120880207
openml,LSSboost/no_natural/exp/None,LSSboost,False,exp,None,False,True,11733805,openml_LSSboost_no_natural_exp_None_std_False_safety_True_job_11733805.csv,house_sales,0.18400201072070146,0.00431934628100402,-0.39981177435432286,0.022640072352251923,0.09410424893105652,0.001979753913378757,0.18014863702825062,0.002136810827508255,0.08604438809719409,0.000425354505738425,0.860766331354777,2201.921934366226,0.03207235548195816,0.00081934452687698,0.06413709193712318,0.0013710212167074483,0.029280333740374625,0.0009208275339159226,0.041829927053151986,0.0009310891165986135
openml,LSSboost/no_natural/exp/None,LSSboost,False,exp,None,False,True,11733805,openml_LSSboost_no_natural_exp_None_std_False_safety_True_job_11733805.csv,house_16H,0.6068954356542519,0.0834602093361981,0.38214750217421306,0.0775807676598764,0.21848180273026696,0.00919043683894038,0.41608772570020913,0.014819651898943374,0.19760592296994217,0.008853789489162421,1.4632688098483615,2698.393436193466,0.06966118688547526,0.005265969949666655,0.14844469634368138,0.00583538403194955,0.0728619480430959,0.00277401338580932,0.09698927709075084,0.0042698383095790046
openml,LSSboost/no_natural/exp/None,LSSboost,False,exp,None,False,True,11733805,openml_LSSboost_no_natural_exp_None_std_False_safety_True_job_11733805.csv,diamonds,0.23398404759014035,0.002382452486798917,-0.0661771973844515,0.012583629528402501,0.13035129886200905,0.0013834352121447884,0.25506301181835833,0.0011852395388835132,0.12471171295634931,0.00040341271801929107,3.9547874397701688,4457.41166305542,0.03964155411020274,0.0005475834727197926,0.0914351487158829,0.0008863570256801498,0.040553021968567096,0.0004894868090863734,0.05720990826488424,0.0005736236217737813
openml,LSSboost/no_natural/exp/None,LSSboost,False,exp,None,False,True,11733805,openml_LSSboost_no_natural_exp_None_std_False_safety_True_job_11733805.csv,medical_charges,0.08190741835001325,0.002084574317892305,-1.2079270127020907,0.03714681750189287,0.03869237034510385,0.0005368858098955408,0.08054702038242091,0.0006181510681868396,0.04185465003731706,0.00018979457942503965,24.087761958440144,7669.159205913544,0.009917617394685892,9.477345128919847e-05,0.02562950347150933,0.0003378941054599383,0.01763588279034521,0.00036807840110648953,0.017727667885513478,0.0002550657393592174
openml,LSSboost/no_natural/exp/None,LSSboost,False,exp,None,False,True,11733805,openml_LSSboost_no_natural_exp_None_std_False_safety_True_job_11733805.csv,superconduct,10.956219308014456,0.42524806373722895,3.2766548312132096,0.13000659788354646,4.8048002695493395,0.17219397774984968,9.038593339124297,0.36648721505423165,4.233793069574958,0.20643266285927198,7.270568158891466,8698.378533124924,1.583273022081824,0.06677344813555215,3.369310435989534,0.11651620570807024,1.4126526208480317,0.07375317826138851,2.1217453596397964,0.07795904419024953
openml,LSSboost/no_natural/exp/None,LSSboost,False,exp,None,False,True,11752184,openml_LSSboost_no_natural_exp_None_std_False_safety_True_job_11752184.csv,wine_quality,0.6801548054426563,0.025878727536032334,0.9945287762629993,0.04342146830723162,0.3751137835446257,0.016265565630059466,0.7245897611136521,0.021375895649278918,0.34947597756902643,0.008645572800119815,0.4913460943433974,1279.788433790207,0.12010065756330052,0.004479924043538244,0.2591753361598237,0.011543836077056453,0.11652303427838653,0.006937568151549696,0.16526634266717022,0.006382822830521102
openml,LSSboost/no_natural/exp/None,LSSboost,False,exp,None,False,True,11752184,openml_LSSboost_no_natural_exp_None_std_False_safety_True_job_11752184.csv,cpu_act,2.5419656927007264,0.3693234351757584,9.156854352065306,19.535570629566834,1.242005204156512,0.031372925185020335,2.319302453278612,0.044236041682902565,1.0772972491221,0.023389879591605822,0.8769599066840278,1548.897186756134,0.43979515007625014,0.026498833966086075,0.8649805578519832,0.020021862986991185,0.33781866837157765,0.005148617629337878,0.5475314587666037,0.01322387355022971
openml,LSSboost/no_natural/exp/None,LSSboost,False,exp,None,False,True,11752184,openml_LSSboost_no_natural_exp_None_std_False_safety_True_job_11752184.csv,Brazilian_houses,0.07642562965869806,0.048381939022029044,-2.9768473627439036,0.06195264427451263,0.010764203917011541,0.0019599423456847904,0.019098710438576038,0.002740607791164535,0.008334506521564497,0.0011222458486944969,0.7584860854678683,1393.1116819381714,0.0034027268409771096,0.000535350223610574,0.007448599207856561,0.0012903378202292857,0.003369764188839826,0.0008224696250008877,0.004740363412557832,0.0008514613863820094
openml,LSSboost/no_natural/exp/None,LSSboost,False,exp,None,False,True,11752184,openml_LSSboost_no_natural_exp_None_std_False_safety_True_job_11752184.csv,pol,7.889103272132656,1.5384030140639442,1.527536454740762,2.637080460658993,2.867844198125214,1.2217431961798606,4.658723260261386,0.9725463357147226,1.7908790621361712,0.27887801309330906,0.8328753842247857,1757.7037024497986,0.8140077783792004,0.12868607995232892,1.9671830186810757,0.5745232941410032,1.065688431509106,1.1918489510425514,1.2822930761897942,0.6291438028967908
openml,LSSboost/no_natural/exp/None,LSSboost,False,exp,None,False,True,11752184,openml_LSSboost_no_natural_exp_None_std_False_safety_True_job_11752184.csv,Ailerons,0.00015788562299827162,4.706756751771925e-06,-7.483503436373787,0.03380855497908494,8.17424260199282e-05,2.2472164622080436e-06,0.00015638817030781693,2.8939821529886977e-06,7.464574428788874e-05,9.75871815565795e-07,0.6139342784881592,1797.6785025596619,2.7828344871564275e-05,1.021149562434111e-06,5.634412202931413e-05,1.6327885832648376e-06,2.4336679861253176e-05,7.739507218404981e-07,3.6169715587377194e-05,1.0583079741722262e-06
openml,LSSboost/no_natural/exp/None,LSSboost,False,exp,None,False,True,11752184,openml_LSSboost_no_natural_exp_None_std_False_safety_True_job_11752184.csv,Bike_Sharing_Demand,98.59601409675207,2.554299217006351,5.460300886325174,0.03837822296991094,46.37454396855882,1.4261696327421653,87.42680552542441,1.7345266072692367,41.05226155686558,0.579435755088921,0.5893291102515327,1756.246613740921,11.76193662902225,0.2542128314682994,32.892212792198414,0.8922147563993638,15.868887187781358,0.7258749437955367,20.174345536334002,0.606152644643865
openml,LSSboost/no_natural/exp/None,LSSboost,False,exp,None,False,True,11752184,openml_LSSboost_no_natural_exp_None_std_False_safety_True_job_11752184.csv,elevators,0.0025273669669672177,9.257666880278003e-05,-4.759135817447367,0.027455381554860686,0.0012270841634734642,2.0110980833271253e-05,0.002231568437173455,2.2886597322455774e-05,0.0010044842736999912,1.1068084918267743e-05,2.07307497660319,2030.9230728149414,0.00034419683358112227,6.022104109273241e-06,0.0008433308126036304,1.1727278878141178e-05,0.0004490730940968251,1.730321682289351e-05,0.0005455335800938594,9.825206346051668e-06
openml,LSSboost/no_natural/exp/None,LSSboost,False,exp,None,False,True,11752184,openml_LSSboost_no_natural_exp_None_std_False_safety_True_job_11752184.csv,abalone,2.196873166530417,0.14065596643836908,2.086745834671671,0.06957671958584992,1.111905911893628,0.05765549404080727,2.1825999723712206,0.06141291595928054,1.0706940604775927,0.03338020681996076,0.22626993391248915,982.71861577034,0.3042595123553976,0.013124445669100471,0.7483013885331586,0.03187634695995607,0.44566864317609295,0.04171521703004926,0.49940984802154975,0.026535619382780297
openml,LSSboost/no_natural/exp/None,LSSboost,False,exp,None,False,True,11752184,openml_LSSboost_no_natural_exp_None_std_False_safety_True_job_11752184.csv,yprop_4_1,0.029000440561623216,0.004811422342457594,-2.163473269675192,0.18227869979823574,0.014700418452885937,0.0007771807095340351,0.029419485219540395,0.0012620871184096795,0.014719066766654458,0.0008330839771825926,0.22633838653564453,1472.062968969345,0.004235596825698402,0.00041849226691876386,0.009530863362729585,0.0004713176747748978,0.00610728336991064,0.0002994570493637748,0.006624581186112875,0.0003518681410972513
openml,LSSboost/no_natural/exp/None,LSSboost,False,exp,None,False,True,11752184,openml_LSSboost_no_natural_exp_None_std_False_safety_True_job_11752184.csv,house_16H,0.5835738151432776,0.07249747300054002,0.3595857912937695,0.06393740633581252,0.21314958369108716,0.008179304890134012,0.40942847489627326,0.010591797691628393,0.19627889120518616,0.005751432958167244,1.719236347410414,2501.033798456192,0.07090521447562717,0.00486983260980675,0.14476454110935977,0.004889532857183388,0.069886579970717,0.003127736846270132,0.09518544518523465,0.003767813157929644
openml,LSSboost/no_natural/exp/None,LSSboost,False,exp,None,False,True,11752184,openml_LSSboost_no_natural_exp_None_std_False_safety_True_job_11752184.csv,houses,0.23882415021543427,0.00765423039669135,-0.18823053559256137,0.048529764804009216,0.11978103994878407,0.002871211195209543,0.2275640184727233,0.003729215989817334,0.10778297852393921,0.001979818797142672,1.981355693605211,2538.616464614868,0.0380431285655163,0.000956004189123455,0.08236402271686673,0.0017371973518619567,0.039103884109000495,0.001877202687112952,0.05317034513046117,0.0012954662726379286
openml,LSSboost/no_natural/exp/None,LSSboost,False,exp,None,False,True,11752184,openml_LSSboost_no_natural_exp_None_std_False_safety_True_job_11752184.csv,sulfur,0.024847080047775305,0.00556292265060346,-2.91346606697987,0.041717783996206396,0.00856279182307425,0.0005039467690150728,0.01751686056152576,0.0007277970024854625,0.00895406873845151,0.00035162957219091477,0.2464674843682183,1828.3978946208954,0.002212585353170945,0.00015876703049968446,0.006011775077855355,0.00030861333475254134,0.0030839192039279926,0.00030688371516653947,0.003769426544984764,0.00023674030635830866
openml,LSSboost/no_natural/exp/None,LSSboost,False,exp,None,False,True,11752184,openml_LSSboost_no_natural_exp_None_std_False_safety_True_job_11752184.csv,MiamiHousing2016,0.16736396878028256,0.009694457271328562,-0.5743312246905544,0.055701150138340566,0.08321337634269682,0.0034728776590173044,0.15730430745211588,0.0033628896137346746,0.07409093110941904,0.0007981229852805117,1.0726596514383953,2070.5541212558746,0.029467640593323668,0.0014882382190168197,0.05764968008327525,0.0023799114964755804,0.023179115540130163,0.001199572314564033,0.03676547873890969,0.0015833255609006875
openml,LSSboost/no_natural/exp/None,LSSboost,False,exp,None,False,True,11752184,openml_LSSboost_no_natural_exp_None_std_False_safety_True_job_11752184.csv,house_sales,0.18008277260937647,0.003311042773972872,-0.42214472199536973,0.02466252926066188,0.09318249267621342,0.001616563450646688,0.18136946288046374,0.0014300563354776245,0.08818697020425033,0.0011090298784296464,1.2223140398661296,2687.7304632663727,0.031959433159215705,0.0004997670146755393,0.06377888620085512,0.001130389882875328,0.028210391161428507,0.000877343699443207,0.04131623684049977,0.0007605843749460685
openml,LSSboost/no_natural/exp/None,LSSboost,False,exp,None,False,True,11752184,openml_LSSboost_no_natural_exp_None_std_False_safety_True_job_11752184.csv,diamonds,0.23388706701749312,0.002337661566134703,-0.06532815521094093,0.01136337328600439,0.13041499425241085,0.0013032057114579377,0.25666951872372185,0.0012981238567138064,0.126254524471311,0.0006983420699313779,2.8603517479366727,4073.9224326610565,0.039814224319652654,0.000494547716332988,0.09146442328498655,0.0008671687320998515,0.040464157005529716,0.0004505632487831748,0.05724760153672296,0.0005446257247163213
openml,LSSboost/no_natural/exp/None,LSSboost,False,exp,None,False,True,11752184,openml_LSSboost_no_natural_exp_None_std_False_safety_True_job_11752184.csv,superconduct,10.933147521786204,0.32386325520623466,3.285546874987455,0.0945767600415483,4.8722612676394235,0.1533208889699005,8.983386388582652,0.18995427841587836,4.111125120943229,0.05863492490964872,2.621750487221612,6542.253465890884,1.6726672791695183,0.07938721455503728,3.3782452258488593,0.09526288700497518,1.4231035238350025,0.07046626518353741,2.1580053429511263,0.07314533071484274
openml,LSSboost/no_natural/exp/None,LSSboost,False,exp,None,False,True,11752184,openml_LSSboost_no_natural_exp_None_std_False_safety_True_job_11752184.csv,medical_charges,0.08165090522720572,0.0020327928418188202,-1.2101687885963448,0.028856417440768403,0.0386560281708994,0.0005230550560126283,0.08047377574848381,0.0005394467933839958,0.04181774757758441,0.00011654274272712177,15.725409428278605,7767.663222551346,0.009904634340314723,6.69018634058444e-05,0.02555885211793061,0.00032643666683058477,0.017686565961331967,0.0003685389908057351,0.0177166841398591,0.0002490812390848912
openml,LSSboost/no_natural/exp/None,LSSboost,False,exp,None,True,False,11750058,openml_LSSboost_no_natural_exp_None_std_True_safety_False_job_11750058.csv,pol,5.8965287,0.38727313,2.6698097261745346,3.3247773981603226,1.9032439928043452,0.10358522109027235,3.2082557752318914,0.14477538981631904,1.3050117824275462,0.06120374993516982,1.3956973022884793,2325.2031528949738,0.587811184966763,0.03602203000217965,1.2849491467652498,0.0690646565799929,0.6749096252494174,0.055692303396933374,0.8492233189938101,0.04725268524493668
openml,PGBM_NLL_seeded/?/None/None,PGBM_NLL_seeded,,,,,,,openml_PGBM_NLL_seeded.csv,cpu_act,2.2803211,0.09023727,2.208794694344286,0.02651845576242269,7.455692609151204,0.5720816727637523,14.811619,1.1423651,7.355926301744249,0.5704953855145061,5.853026390075684,757.2977583408356,0.4282426044878767,0.0089013646558285,0.8037069522514545,0.011126929428620857,0.3557289246922181,0.011941029205838175,0.5292261604771831,0.00896753301534473
openml,PGBM_NLL_seeded/?/None/None,PGBM_NLL_seeded,,,,,,,openml_PGBM_NLL_seeded.csv,pol,6.0835443,0.313557,3.041077643629139,0.03775962824493639,20.872229470147026,0.5503023185293383,42.083878,1.0278754,21.211648093329536,0.4832412087176383,5.473966042200725,712.9500706195831,1.0456138346663146,0.03693056541352196,1.6371036382251316,0.06407591450321529,1.1464597454583336,0.06652302573170965,1.2763924061165932,0.048440514924452636
openml,PGBM_NLL_seeded/?/None/None,PGBM_NLL_seeded,,,,,,,openml_PGBM_NLL_seeded.csv,elevators,0.0022733763043313406,5.13389472002334e-05,-4.4418609218871765,0.603424199944457,0.0036885298063832725,0.0015286120176516967,0.008988031832879936,0.007414253955910703,0.005299502026496662,0.00588815630922979,5.424509472317165,721.2613677978516,0.0008479583095101031,0.001308273749981867,0.0008144508273592464,1.3711623890522387e-05,0.0009452274186538175,0.0012851590532187251,0.0008692121851743891,0.0008655062258739029
openml,PGBM_NLL_seeded/?/None/None,PGBM_NLL_seeded,,,,,,,openml_PGBM_NLL_seeded.csv,wine_quality,0.63885796,0.01902166,1.0690070338067266,0.06611915193964102,0.4973825348748101,0.013301939528056651,0.9573987,0.08698499,0.4600161247783237,0.08278238683002224,5.511613978279962,738.7795639038086,0.11920174484831644,0.010731002766672186,0.2412028723107315,0.009362707910683225,0.12097343530680998,0.011998649304930721,0.16045935082195265,0.009420069068025753
openml,PGBM_NLL_seeded/?/None/None,PGBM_NLL_seeded,,,,,,,openml_PGBM_NLL_seeded.csv,Ailerons,0.00015957606991647648,4.202643483239178e-06,-6.749193650778494,0.4176393183189812,0.00023253663723894565,3.305183592490827e-05,0.0005557365936969041,0.000275429624143324,0.00032319995645795844,0.00024260930420304006,4.488952742682563,714.9057631492615,5.5341803218099655e-05,4.8992791105000317e-05,5.768187600647786e-05,1.3865096762888845e-06,5.223323738738354e-05,4.9683808800582896e-05,5.5085638870653685e-05,3.302755654128738e-05
openml,PGBM_NLL_seeded/?/None/None,PGBM_NLL_seeded,,,,,,,openml_PGBM_NLL_seeded.csv,house_16H,0.5926146658858247,0.06044746487057625,0.5285437407365466,0.11163373870926852,0.4254212186528243,0.009291597815924382,0.8397254419783418,0.01360641515515195,0.4143042233255174,0.007109186034231128,5.259481906890869,724.4149823188782,0.07285678777660923,0.005529036137021815,0.14947102455073033,0.004289612825510136,0.07735173386961375,0.0024933359298926943,0.09989318206565109,0.0035790113864407284
openml,PGBM_NLL_seeded/?/None/None,PGBM_NLL_seeded,,,,,,,openml_PGBM_NLL_seeded.csv,houses,0.2291381480500826,0.00719751190146043,-0.08068525418519767,0.042134193561515904,0.3263413290931416,0.0030467652535470773,0.6367504974954955,0.0056914892933432595,0.31040916840235394,0.003299382889707702,5.557504706912571,753.3154389858246,0.038126267867440805,0.001499638237323279,0.0807695298112357,0.001777457545412926,0.04182817235828146,0.002097577638887486,0.053574656678985984,0.0014383367599106558
openml,PGBM_NLL_seeded/?/None/None,PGBM_NLL_seeded,,,,,,,openml_PGBM_NLL_seeded.csv,diamonds,0.23569956951839086,0.0025497370776941084,0.010540072741759913,0.016482655039532886,0.5870490078847423,0.0032137111227040047,1.1626047364262224,0.0058949624420055885,0.5755557285414802,0.002878366605851552,5.1232542461819115,747.4111933708191,0.041574746565668196,0.0008095206161676079,0.09238365614453872,0.0009221388685218086,0.04270985570033341,0.0006333848402803861,0.0588894194701801,0.0006608701317270395
openml,PGBM_NLL_seeded/?/None/None,PGBM_NLL_seeded,,,,,,,openml_PGBM_NLL_seeded.csv,Bike_Sharing_Demand,98.69130234176053,2.5995219445911473,5.885391928516605,0.03334338264674686,97.89540697027486,1.85094091593651,193.05972547884693,2.2917647034689383,95.16431850857205,1.0036384866746,5.042003764046563,758.1321322917938,15.616090073766754,0.2595674646330789,33.1856116942645,0.9114961877796993,19.33313520711808,0.8963338065914769,22.71161232504978,0.6243816454031594
openml,PGBM_NLL_seeded/?/None/None,PGBM_NLL_seeded,,,,,,,openml_PGBM_NLL_seeded.csv,Brazilian_houses,0.06825920480441289,0.03436977732205397,-2.5836488874487915,0.05229540261652463,0.4553681221101946,0.00672718512457906,0.9069635675841836,0.012003572790552497,0.45159544547398883,0.005447923163569019,7.442781368891398,775.3502552509308,0.004012171375592709,0.0005159313347219935,0.009198837659399332,0.001219458834406578,0.005381653329670378,0.0014371526040819435,0.006197554121554139,0.0009648203377940003
openml,PGBM_NLL_seeded/?/None/None,PGBM_NLL_seeded,,,,,,,openml_PGBM_NLL_seeded.csv,house_sales,0.17643721538881169,0.0026280287473529045,-0.3124896104387269,0.02451647936366829,0.29433229775663877,0.005105788514000732,0.5817214668933218,0.009551262089619934,0.28738916913668316,0.0051436895288723,5.460300180647108,735.7597794532776,0.032403174632649315,0.0009703964299260543,0.06220063554473928,0.0011564988173278744,0.030500274312552318,0.0007014759855401523,0.041701361496646966,0.0007638745694422403
openml,PGBM_NLL_seeded/?/None/None,PGBM_NLL_seeded,,,,,,,openml_PGBM_NLL_seeded.csv,sulfur,0.018249934894917403,0.0033348241340043702,-2.8848328274223975,0.07842835366075702,0.01951257859976593,0.0015681430114439271,0.03881208242951006,0.0027456297109721,0.019299503829744127,0.0012122720167955044,5.377841154734294,759.9032800197601,0.0024495726758819586,0.00023377467243750332,0.005304903198065883,0.0002369802228815795,0.0026580627446011005,0.00023724884214904973,0.0034708462061829805,0.00019687970257982246
openml,PGBM_NLL_seeded/?/None/None,PGBM_NLL_seeded,,,,,,,openml_PGBM_NLL_seeded.csv,medical_charges,0.08194995029035977,0.0020030285087895704,-0.7745394679326087,0.06250966416187989,0.31395523920558976,0.0014542070459795365,0.6223715229985092,0.002908166031283496,0.3084162837929196,0.0014791925695281658,1.8337432278527155,701.3578877449036,0.008125541036608567,0.00010511078507239444,0.025844704538967107,0.0003525978296489407,0.018549074954860266,0.00044411178702539263,0.01750644017681198,0.0002907453552496328
openml,PGBM_NLL_seeded/?/None/None,PGBM_NLL_seeded,,,,,,,openml_PGBM_NLL_seeded.csv,MiamiHousing2016,0.15297869701889247,0.006670455899326924,-0.542132204717696,0.0504330835010897,0.3082810782539834,0.006035300158683433,0.6105417387168927,0.012571351589035959,0.3022606604629093,0.00677752413416559,5.495422442754109,731.6572377681732,0.028341990120919276,0.001617241232488443,0.05284485849022076,0.0016987694900223783,0.024252845873566773,0.0009441940780373843,0.0351465648282356,0.0012367147133173543
openml,PGBM_NLL_seeded/?/None/None,PGBM_NLL_seeded,,,,,,,openml_PGBM_NLL_seeded.csv,superconduct,10.107739009320623,0.293805946883228,3.589566540744128,0.0380033093094387,18.75709783379271,0.3123704823286086,37.14334779988429,0.5379202880305102,18.38624996609158,0.2399951183114673,5.631734503640069,755.0178439617157,1.8622713315179875,0.06997701710235685,3.1703761443775784,0.06677611864331083,1.6126267221408803,0.0563393267486241,2.215091399345482,0.0547178164412904
openml,PGBM_NLL_seeded/?/None/None,PGBM_NLL_seeded,,,,,,,openml_PGBM_NLL_seeded.csv,abalone,2.1751993,0.099107616,2.485406985001435,0.14069352509275432,1.7374777926339044,0.07825714133741896,3.2385805,0.0905949,1.501102672682868,0.05562712488123122,1.8797580666012235,672.8099992275238,0.3182676433565069,0.020129242944769463,0.7660997259356466,0.018340742543655315,0.49097646825593266,0.047500345451781,0.5251146125160288,0.019444923897486976
openml,PGBM_NLL_seeded/?/None/None,PGBM_NLL_seeded,,,,,,,openml_PGBM_NLL_seeded.csv,yprop_4_1,0.02877288069724868,0.004787039697275075,-1.5875238777134202,0.7290724643780714,0.015394939208371372,0.0008341001408694343,0.02579630683214426,0.0007410151808360857,0.010401367623772886,0.0003538299270750311,2.0904242992401123,690.0791158676147,0.004108794980557083,0.00037095785024462714,0.009830146583942705,0.00041949269758457673,0.006722531285963919,0.00040944193353210137,0.006887157616821234,0.00038713823957271896
openml,XGBoostLSS/natural/exp/MAD,XGBoostLSS,True,exp,MAD,,False,11749999,openml_XGBoostLSS_natural_exp_MAD_safety_False_job_11749999.csv,elevators,0.0022020834969136145,6.870952330828625e-05,-4.76358917388924,0.017279474407693483,0.0011779355296772402,1.9872356561469144e-05,0.0023900741734709016,2.1063552213671953e-05,0.0012121386437936618,1.1062139733250582e-05,5.40319577852885,594.5166184902191,0.0003410044463622318,9.491343267261557e-06,0.0008088642799609741,1.0424656353796517e-05,0.0004136183185935105,1.4272042725849834e-05,0.0005211623483055721,9.021361119655367e-06
openml,XGBoostLSS/natural/exp/MAD,XGBoostLSS,True,exp,MAD,,False,11749999,openml_XGBoostLSS_natural_exp_MAD_safety_False_job_11749999.csv,wine_quality,0.6897681,0.024216054,1.0296466494961902,0.03524140485707787,0.38390596333327776,0.015403907756634954,0.716582058527546,0.019781149525578468,0.3326760951942683,0.007269336516766737,1.5533315340677898,556.302726984024,0.11717307276692833,0.0034745730184022397,0.27140782009936243,0.010874995578243639,0.11817539960312029,0.006336385160889947,0.16891876415647036,0.006284109067813262
openml,XGBoostLSS/natural/exp/MAD,XGBoostLSS,True,exp,MAD,,False,11749999,openml_XGBoostLSS_natural_exp_MAD_safety_False_job_11749999.csv,cpu_act,3.1145585,0.18491225,2.303913809472313,0.04117824610573955,1.4953411411300126,0.05362397225757724,2.8007160452277953,0.0915907569036229,1.3053749040977825,0.04200589373132709,3.298416641023424,1295.4072844982147,0.5046337037531686,0.021178500442413664,1.0492922563005191,0.03778187905246527,0.41936630672128694,0.021599829889450597,0.6577640889249917,0.023023061599822148
openml,XGBoostLSS/natural/exp/MAD,XGBoostLSS,True,exp,MAD,,False,11749999,openml_XGBoostLSS_natural_exp_MAD_safety_False_job_11749999.csv,Ailerons,0.00016151899783909302,6.627917371857747e-06,-7.267705333545133,0.026435695987122067,8.958373064227093e-05,2.4849598831017555e-06,0.00020528513565264562,2.5628631709568377e-06,0.00011570140501037473,1.2326650900555803e-06,5.9728668000963,339.4771704673767,3.245835337313161e-05,8.764753200831002e-07,5.7243551297100135e-05,1.940186591305121e-06,3.098463539441685e-05,9.412158509721462e-07,4.02288466882162e-05,1.1046834416493682e-06
openml,XGBoostLSS/natural/exp/MAD,XGBoostLSS,True,exp,MAD,,False,11749999,openml_XGBoostLSS_natural_exp_MAD_safety_False_job_11749999.csv,houses,0.23446608774713087,0.007869370808116727,-0.15490166850557155,0.04577589797089531,0.11973317012551396,0.0029212190916833897,0.2263642619403116,0.003118491605099189,0.10663109181479763,0.001555189336003082,2.0912116368611655,1029.1715233325958,0.037218161206327045,0.0011393132917634113,0.08236553722661949,0.0016314363668598801,0.039947671407032384,0.0018180616848809312,0.05317712327999297,0.0013005762898402012
openml,XGBoostLSS/natural/exp/MAD,XGBoostLSS,True,exp,MAD,,False,11749999,openml_XGBoostLSS_natural_exp_MAD_safety_False_job_11749999.csv,Brazilian_houses,0.06746433994393428,0.034131425961511225,-2.5377496573130927,0.2332998616809265,0.013637336692423903,0.0022703583570541095,0.027270936978103472,0.007061920488097445,0.01363360028567957,0.005307705361554978,4.438660224278768,825.0061373710632,0.0046231154525251264,0.0010300406397046836,0.008858620300577023,0.0013992110563794736,0.005279069862069355,0.0013178520472992017,0.006253601871723834,0.0011324662746789252
openml,XGBoostLSS/natural/exp/MAD,XGBoostLSS,True,exp,MAD,,False,11749999,openml_XGBoostLSS_natural_exp_MAD_safety_False_job_11749999.csv,house_16H,0.5908521180594826,0.0638402602515755,0.422490346969293,0.07173019836552098,0.22409327594925982,0.007278696399835478,0.4172429648012264,0.009211729965348829,0.1931496888519666,0.0035711424199025223,3.0553479459550648,1390.8488655090332,0.07028141353169548,0.0041909989251494775,0.1557889134521333,0.004474624749847414,0.07155557549025714,0.0024946858318304374,0.09920863415802864,0.003288438290417987
openml,XGBoostLSS/natural/exp/MAD,XGBoostLSS,True,exp,MAD,,False,11749999,openml_XGBoostLSS_natural_exp_MAD_safety_False_job_11749999.csv,sulfur,0.02012930943895951,0.0033463966191452934,-2.8368633670656465,0.11336536552749518,0.008415353959554193,0.00045662305787122704,0.01674051348240629,0.0008580299483850983,0.008325159522852097,0.0006099461496431705,0.49833183818393284,503.23371982574463,0.002634504284160189,0.0001133091496658952,0.005772524948811756,0.00029403679337546034,0.0028266940219579284,0.0003418892685218377,0.0037445744183099584,0.000226422913273437
openml,XGBoostLSS/natural/exp/MAD,XGBoostLSS,True,exp,MAD,,False,11749999,openml_XGBoostLSS_natural_exp_MAD_safety_False_job_11749999.csv,pol,7.6614738,0.5638681,2.5436079877399824,0.2421931400599333,2.5968194530251294,0.2272232444849087,4.929397726391585,0.5487043956895099,2.3325782733664564,0.3440131137053259,11.270056168238321,3357.951711654663,0.8214189797440211,0.09000663491612276,1.8251939478457595,0.16430803414860098,0.8511355154722403,0.07304690573223378,1.1659161476873403,0.10549015824643833
openml,XGBoostLSS/natural/exp/MAD,XGBoostLSS,True,exp,MAD,,False,11749999,openml_XGBoostLSS_natural_exp_MAD_safety_False_job_11749999.csv,house_sales,0.1800747732872858,0.002776336213900669,-0.4008025743869641,0.021795762208866816,0.09362340393198455,0.0017499468140657769,0.18358356431004574,0.0015883264358636784,0.08996016037806122,0.0007599993649769845,1.7195617357889812,1035.976354598999,0.03185171546548408,0.000537546915615104,0.06360523998832213,0.001268774775944507,0.029298194097257375,0.0006744048623053802,0.04158504985035452,0.000773901578183868
openml,XGBoostLSS/natural/exp/MAD,XGBoostLSS,True,exp,MAD,,False,11749999,openml_XGBoostLSS_natural_exp_MAD_safety_False_job_11749999.csv,yprop_4_1,0.028703033727759286,0.004712175612968345,-2.129300421970172,0.2549973659812754,0.014897788245852386,0.0007272366639978796,0.029747791758349587,0.0010339456736423345,0.0148500035124972,0.000703658392973659,0.7194368574354384,441.6278417110443,0.003950636232741233,0.00032373476149846796,0.009837723675609061,0.0004291565851880195,0.006320534511230861,0.00031568713851259613,0.006702964806527051,0.0003329049114808683
openml,XGBoostLSS/natural/exp/MAD,XGBoostLSS,True,exp,MAD,,False,11749999,openml_XGBoostLSS_natural_exp_MAD_safety_False_job_11749999.csv,Bike_Sharing_Demand,102.36241149227261,2.8752924389329495,5.665887756624183,0.039079483048954915,49.756751372759425,1.6732568956187777,94.25728685870835,2.425738171854898,44.50053548594893,1.0110349319645586,5.919639269510905,2254.599052667618,12.454392187812703,0.3785513462367193,35.62450202276279,1.1511109498631644,16.55123058868672,0.666380565071478,21.543374933087406,0.7042621767393877
openml,XGBoostLSS/natural/exp/MAD,XGBoostLSS,True,exp,MAD,,False,11749999,openml_XGBoostLSS_natural_exp_MAD_safety_False_job_11749999.csv,MiamiHousing2016,0.16228541489675025,0.009085203026046743,-0.5960182483441469,0.05086925362495471,0.08082355324412245,0.003144879329831861,0.15665234839792466,0.00368023725358694,0.07582879515380221,0.0016906722529190525,1.1232247882419162,895.289528131485,0.027942995187802504,0.0016284972426449315,0.055527344929866024,0.002134791752017006,0.02416369240641607,0.0010948342706120836,0.035878010841361524,0.0014767332304538724
openml,XGBoostLSS/natural/exp/MAD,XGBoostLSS,True,exp,MAD,,False,11749999,openml_XGBoostLSS_natural_exp_MAD_safety_False_job_11749999.csv,abalone,2.2081158,0.10834766,2.150883761030587,0.05861252413959647,1.1545845926171685,0.04106117244291077,2.2242204235725094,0.05756887292533765,1.0696358309553415,0.04363859289470688,0.28182315826416016,463.9766776561737,0.2961702235482713,0.007507822248633982,0.7925359637780889,0.02206363928678596,0.4504777891806761,0.030392728006402032,0.5130613255023455,0.018013748036270573
openml,XGBoostLSS/natural/exp/MAD,XGBoostLSS,True,exp,MAD,,False,11749999,openml_XGBoostLSS_natural_exp_MAD_safety_False_job_11749999.csv,superconduct,12.384123855375865,0.28035494018614476,3.5718551748430505,0.045518149099431054,5.947218422061439,0.216458767140178,11.11618946088218,0.4847060224810581,5.168971038820742,0.27131316704151903,12.082344823413425,5167.416122436523,1.7494705424421373,0.047657512694641385,4.311945777193547,0.1696183312603343,1.6784113121427169,0.07230011589245518,2.5799425439261343,0.08590175777898724
openml,XGBoostLSS/natural/exp/MAD,XGBoostLSS,True,exp,MAD,,False,11749999,openml_XGBoostLSS_natural_exp_MAD_safety_False_job_11749999.csv,diamonds,0.23408241656552986,0.0025249130304977334,-0.06185395955465806,0.013002681544452457,0.13062794291822538,0.001419046728126602,0.25437743386775225,0.0012978756621413433,0.12374949094952689,0.0005801357401522904,29.017209476894802,13568.42703294754,0.03960579203215886,0.0005846203841406257,0.09175049755134373,0.0009177220806768889,0.04053450255303031,0.00046323489880037433,0.05729693071217764,0.0006098647649025693
openml,XGBoostLSS/natural/exp/MAD,XGBoostLSS,True,exp,MAD,,False,11749999,openml_XGBoostLSS_natural_exp_MAD_safety_False_job_11749999.csv,medical_charges,0.08171941497693878,0.001976693421852996,-1.2071005813173983,0.03350778561723423,0.03891886300166185,0.0005175718474233012,0.08182829299759828,0.0007072138671810367,0.042909429995936436,0.0003604638291836779,37.15849079026116,13254.12961435318,0.010017256318628485,0.00011400284144139541,0.025796694665129138,0.00030944516346869733,0.017670012139661084,0.00036499749028013473,0.017827987707806237,0.000250548098276451
openml,XGBoostLSS/natural/exp/MAD,XGBoostLSS,True,exp,MAD,,False,11749999,openml_XGBoostLSS_natural_exp_MAD_safety_False_job_11749999.csv,nyc-taxi-green-dec-2016,0.3861590681951974,0.0022517003664335056,-0.04030450160100743,0.03332869803677709,0.1718218114124494,0.0013104176037306986,0.33479636291348724,0.002738708247993193,0.16297455150103782,0.0015476656810025557,70.86326874627008,30545.8584356308,0.06548718547711958,0.0007272438614496561,0.11938682199962997,0.0011782460521374699,0.04529352602491307,0.0003585026637614325,0.07672251116722087,0.0006143728479280948
openml,XGBoostLSS/natural/exp/None,XGBoostLSS,True,exp,None,,False,11733823,openml_XGBoostLSS_natural_exp_None_safety_False_job_11733823.csv,wine_quality,0.67440164,0.022090144,0.9879487835419535,0.03230279602216182,0.37272795869034137,0.013367902481829666,0.715889558045334,0.01486391738528428,0.3431615993549927,0.0052035940241266,0.3023376729753282,598.2230014801025,0.11508779726274218,0.0037516677111921128,0.2639128363534849,0.008950887530815589,0.1147325923239894,0.005460407440615153,0.16457774198007216,0.005153759568374062
openml,XGBoostLSS/natural/exp/None,XGBoostLSS,True,exp,None,,False,11733823,openml_XGBoostLSS_natural_exp_None_safety_False_job_11733823.csv,elevators,0.006693461507821377,0.00020667536685738553,-4.077655349744936,0.018434795229623338,0.0029767233609503028,5.159256748522385e-05,0.00558372889946002,9.138860012180785e-05,0.0026070055385097176,4.464339746737223e-05,6.410090393490261,1313.157830953598,0.0006967371998973015,1.6687318735476643e-05,0.0022857057521219674,3.8327144439118856e-05,0.0007657011266445616,1.559269776581107e-05,0.0012493813595546104,1.936364740103697e-05
openml,XGBoostLSS/natural/exp/None,XGBoostLSS,True,exp,None,,False,11733823,openml_XGBoostLSS_natural_exp_None_safety_False_job_11733823.csv,cpu_act,2.5375319,0.11003139,2.1941982409009744,0.03086378848873143,1.2972292183538117,0.034499523799539425,2.657728702687399,0.0548915271944356,1.3604994843335874,0.025558695596901663,9.739475064807468,1602.2225325107574,0.4420898104952238,0.014677143001471393,0.8866291945262268,0.018487950790617526,0.40048319591651044,0.021861907323814628,0.576400733645987,0.014219561003177146
openml,XGBoostLSS/natural/exp/None,XGBoostLSS,True,exp,None,,False,11733823,openml_XGBoostLSS_natural_exp_None_safety_False_job_11733823.csv,Ailerons,0.0004086568925667169,1.0940596723552146e-05,-6.691977966186488,0.007516732277233871,0.00020441439602413597,3.0505533320588927e-06,0.00038639416360061214,4.229716752693577e-06,0.0001819797675764762,1.4483563439162998e-06,1.22657044728597,1147.598993062973,5.4141464659670796e-05,1.1284242471222544e-06,0.00015709076725673872,2.2284000082463843e-06,4.798273615795167e-05,1.3458923101769362e-06,8.640498935812041e-05,1.128208412913682e-06
openml,XGBoostLSS/natural/exp/None,XGBoostLSS,True,exp,None,,False,11733823,openml_XGBoostLSS_natural_exp_None_safety_False_job_11733823.csv,houses,0.25870856300029854,0.004917565188924639,-0.01400093725858702,0.04358283367159139,0.13641891219998123,0.001984365682294977,0.25153643949146565,0.002101532575232024,0.11511752729148442,0.0016004186225476085,1.6634946664174397,1769.7360751628876,0.040717766626662044,0.0007747962808704532,0.09550294220956111,0.0011947342955749643,0.043966231894570745,0.00203859734721642,0.060062313576931294,0.0009099619036970738
openml,XGBoostLSS/natural/exp/None,XGBoostLSS,True,exp,None,,False,11733823,openml_XGBoostLSS_natural_exp_None_safety_False_job_11733823.csv,house_16H,0.6010156458281843,0.06380389055006964,0.45861653424091464,0.07089373513089904,0.23321744373174877,0.00826523285632521,0.43514129790084494,0.011308626641142364,0.20192385416909614,0.004599838941917549,2.3363955550723605,1884.8025987148285,0.07128796298373438,0.004402780613626751,0.16342618642949241,0.005143317778395346,0.0738307296287401,0.0025083150363669187,0.10284829301398897,0.003692993048654326
openml,XGBoostLSS/natural/exp/None,XGBoostLSS,True,exp,None,,False,11733823,openml_XGBoostLSS_natural_exp_None_safety_False_job_11733823.csv,pol,7.053671,0.3189225,2.8978453358469194,0.040485472469588966,3.2297090113350375,0.13938466303084204,6.575472987253626,0.24150706075384054,3.3457639759185884,0.12101740456406318,18.94072092903985,3466.163801908493,0.9618281990753101,0.03534028830492068,2.252749938404796,0.095165602077079,1.0408622115228001,0.0572808730565023,1.4184801163343022,0.057302903728898624
openml,XGBoostLSS/natural/exp/None,XGBoostLSS,True,exp,None,,False,11733823,openml_XGBoostLSS_natural_exp_None_safety_False_job_11733823.csv,Bike_Sharing_Demand,181.08588505884003,3.051160765185721,6.403147992390446,0.019694971521645538,94.91136647931953,1.702012597357898,181.75716370856924,1.7952183549879368,86.84579722924971,0.6925566272646554,0.5468000570933024,877.3012223243713,20.842354936855713,0.5529114203666854,71.17276132001363,1.1292430237928002,29.44592214085172,0.6499182056026869,40.487012799240354,0.6556093216145136
openml,XGBoostLSS/natural/exp/None,XGBoostLSS,True,exp,None,,False,11733823,openml_XGBoostLSS_natural_exp_None_safety_False_job_11733823.csv,Brazilian_houses,0.09743828480870086,0.03530805733697239,-1.6238736019806668,0.1180176811204116,0.034666203173596116,0.004772148653584192,0.06406426333574765,0.009092131571686974,0.029398060162151542,0.004414743968000199,6.327250745561388,2244.9894983768463,0.007538211113914674,0.0009079171319815874,0.0265426814849937,0.0036492957282128146,0.009392868646332549,0.0015482079990210183,0.01449125374841364,0.0019701373316753715
openml,XGBoostLSS/natural/exp/None,XGBoostLSS,True,exp,None,,False,11733823,openml_XGBoostLSS_natural_exp_None_safety_False_job_11733823.csv,sulfur,0.03558108212822189,0.00486847474641966,-2.454821350615434,0.05570439139273377,0.014406560727702251,0.0009062449721968298,0.027668686435860845,0.0020515412132013577,0.01326212570815859,0.0012493727876325103,3.5407463444603815,1139.4919366836548,0.0033963282878427857,0.00036407260387527753,0.01057711179282189,0.00062128345048509,0.00464600352880311,0.00033527437327545996,0.006206481203155929,0.00038877774027345623
openml,XGBoostLSS/natural/exp/None,XGBoostLSS,True,exp,None,,False,11733823,openml_XGBoostLSS_natural_exp_None_safety_False_job_11733823.csv,house_sales,0.1988520686150323,0.003091599631574389,-0.27965082942183844,0.021041088415139,0.10484016470051771,0.001884374651074373,0.19682687716860092,0.002805681386910761,0.0919867124680832,0.0017704653963525367,3.361191325717502,2415.0773632526398,0.03477374483022044,0.0007353735910278906,0.07206585589658665,0.00124031880966055,0.03229629885332739,0.0010166428948000538,0.04637863319337816,0.0008930426582640633
openml,XGBoostLSS/natural/exp/None,XGBoostLSS,True,exp,None,,False,11733823,openml_XGBoostLSS_natural_exp_None_safety_False_job_11733823.csv,yprop_4_1,0.029700701520535926,0.004728005041486535,-2.0854244612851915,0.28293734707085305,0.015412937927020535,0.0007385736578464164,0.030308807068188393,0.0008536434974878071,0.014895869141167858,0.0005427274095524874,0.15246367454528809,760.28085064888,0.004039288288275329,0.0003076158987282687,0.010167276780638562,0.000468112984012417,0.006689950848629771,0.0003217033898972227,0.006965505305847887,0.0003530156475453869
openml,XGBoostLSS/natural/exp/None,XGBoostLSS,True,exp,None,,False,11733823,openml_XGBoostLSS_natural_exp_None_safety_False_job_11733823.csv,abalone,2.151207,0.10350891,2.075494726428786,0.04998371336882059,1.1205967887394166,0.04485020552776331,2.2225432835271985,0.04630015482511543,1.101946494787782,0.030231627586185965,0.36629631784227157,568.1166338920593,0.2865389195233321,0.011124860256479172,0.7686829959061371,0.026799205987947508,0.43602064684797187,0.029390606336070362,0.49708085409248043,0.020563233531078143
openml,XGBoostLSS/natural/exp/None,XGBoostLSS,True,exp,None,,False,11733823,openml_XGBoostLSS_natural_exp_None_safety_False_job_11733823.csv,MiamiHousing2016,0.1980984731416957,0.009343874278646302,-0.4030746012226197,0.0392941917101944,0.10049156015249458,0.003240456545405058,0.19024994451659094,0.003294459260795936,0.08975838436409636,0.0009150223162392107,4.148270103666517,2624.200466156006,0.03307654824217169,0.0017497676018660624,0.07026523295293348,0.002231830309259692,0.02937285053398074,0.0008536122817277736,0.04423821057636198,0.0015434946382639249
openml,XGBoostLSS/natural/exp/None,XGBoostLSS,True,exp,None,,False,11733823,openml_XGBoostLSS_natural_exp_None_safety_False_job_11733823.csv,superconduct,9.524952900605877,0.40039597329477467,3.2446129692888155,0.06554761534981529,4.277363805857178,0.19801430505903161,9.05759991796963,0.7040521240520861,4.78023611211245,0.5191700976934842,125.14615750312805,14920.241887331009,1.5043776143410534,0.0948392809293021,2.8818727520285727,0.09914848513388791,1.364139837529954,0.09512422717569387,1.9167967346331933,0.09059338953944879
openml,XGBoostLSS/natural/exp/None,XGBoostLSS,True,exp,None,,False,11733823,openml_XGBoostLSS_natural_exp_None_safety_False_job_11733823.csv,diamonds,0.236416307837627,0.002567569090293987,-0.04943968105008144,0.012836422670334064,0.13211083712905525,0.0014700032877112538,0.25721298863267805,0.001237397840641274,0.12510215150362275,0.0005723024161036109,45.16936985651652,27341.376787424088,0.04009594221409483,0.0005654064723799062,0.09275799823940523,0.0009814162269148855,0.04087644543420426,0.0004650755377630554,0.057910128629234774,0.0006131864405307818
openml,XGBoostLSS/natural/exp/None,XGBoostLSS,True,exp,None,,False,11733823,openml_XGBoostLSS_natural_exp_None_safety_False_job_11733823.csv,medical_charges,0.0844667493726964,0.0024032756888232613,-1.1382161711350314,0.03892415242605076,0.040982365668311066,0.0010559180555016051,0.08346269748745613,0.0018004649411453323,0.04248033181914507,0.0007949980217574149,139.0930349032084,40173.654638290405,0.010214508045131293,0.00025317212968776326,0.02738737030854779,0.0007186763062025814,0.018102645524644908,0.000434733720526566,0.018568174626107995,0.0004450735820554477
openml,XGBoostLSS/natural/exp/None,XGBoostLSS,True,exp,None,,False,11733823,openml_XGBoostLSS_natural_exp_None_safety_False_job_11733823.csv,nyc-taxi-green-dec-2016,0.41532619146478517,0.004299358575242614,0.06576456605103333,0.06313504644085034,0.1918428894803436,0.003927509588757053,0.37579487516408505,0.009495363677695056,0.18395198568374146,0.0055782551331847435,221.65328288078308,49683.38904309273,0.07105377752069118,0.002716866817071257,0.13726321543261377,0.002070412515077154,0.04804625323061316,0.0013728546684108683,0.08545441539463938,0.002029229424450399
openml,XGBoostLSS/no_natural/exp/MAD,XGBoostLSS,False,exp,MAD,,False,11749986,openml_XGBoostLSS_no_natural_exp_MAD_safety_False_job_11749986.csv,Ailerons,0.00016652677438706083,6.024097570770869e-06,-7.23872593128489,0.021486581521054125,9.31582758944587e-05,2.2507413222502954e-06,0.00021858906330324211,2.0915848110300943e-06,0.0001254307874087834,1.33586206155192e-06,5.299384726418389,312.2226345539093,3.3596080561111725e-05,7.711133290152831e-07,5.9337027475855824e-05,1.876829803199574e-06,3.2476265285024585e-05,8.460027604432921e-07,4.180312444066405e-05,9.4163321350261e-07
openml,XGBoostLSS/no_natural/exp/MAD,XGBoostLSS,False,exp,MAD,,False,11749986,openml_XGBoostLSS_no_natural_exp_MAD_safety_False_job_11749986.csv,wine_quality,0.7120442,0.022121347,1.0539815252460418,0.030371521017302498,0.3947756461817413,0.012777715716849668,0.7599286918654404,0.012413927845742455,0.3651530456836993,0.005393078316181974,0.30861420101589626,578.8584394454956,0.12229048200229513,0.004180358650563597,0.2754672628709185,0.008402724145703803,0.12349468741182476,0.006142229222792677,0.17375081076167945,0.005072804510683294
openml,XGBoostLSS/no_natural/exp/MAD,XGBoostLSS,False,exp,MAD,,False,11749986,openml_XGBoostLSS_no_natural_exp_MAD_safety_False_job_11749986.csv,elevators,0.0023001636232871017,9.715269580983735e-05,-4.758597620752361,0.01648997233697158,0.0011879068776804774,2.2715936382965837e-05,0.0024103073425431392,3.964996175361986e-05,0.001222400464862662,2.9967190823877542e-05,5.588715685738458,556.5555455684662,0.0003394541792036635,8.504413105770075e-06,0.0008079853718645188,1.136344613192603e-05,0.00043806017265482624,1.931986695716532e-05,0.0005284999079076696,1.0143519725701353e-05
openml,XGBoostLSS/no_natural/exp/MAD,XGBoostLSS,False,exp,MAD,,False,11749986,openml_XGBoostLSS_no_natural_exp_MAD_safety_False_job_11749986.csv,houses,0.2366312692582245,0.007971170006780909,-0.1752844649367715,0.047825716689417826,0.11839107360027312,0.0027246886725893122,0.22221682998119233,0.003141700079681295,0.10382575638091923,0.0015311771684343022,2.0698029465145535,1097.6837289333344,0.03694001388946656,0.0010203492734749296,0.08140220747650803,0.0015632749796239303,0.039685205748840297,0.0018790365240154443,0.052675809038271626,0.0012928176906529141
openml,XGBoostLSS/no_natural/exp/MAD,XGBoostLSS,False,exp,MAD,,False,11749986,openml_XGBoostLSS_no_natural_exp_MAD_safety_False_job_11749986.csv,pol,23.898968,6.6203504,2.3335816488253167,1.07376469839404,9.102558561848262,5.570526132785676,17.22412431974405,10.945195608850488,8.121565757895787,5.376232992587429,0.9855738215976291,1354.8126900196075,2.2010009284646013,1.1693716369059421,6.878382846977469,4.246375939175826,2.7277461266146448,2.302801539051246,3.9357099673522375,2.572505874109432
openml,XGBoostLSS/no_natural/exp/MAD,XGBoostLSS,False,exp,MAD,,False,11749986,openml_XGBoostLSS_no_natural_exp_MAD_safety_False_job_11749986.csv,Brazilian_houses,0.08201211441274368,0.05192000867043406,-3.217085355091338,0.07303626673476304,0.010394062575366136,0.0025494042487787328,0.018830505775056627,0.002878876871934925,0.00843644319969049,0.0010582342209240394,7.588141043980916,641.1375427246094,0.0026264077360654376,0.00039424718350315963,0.006986961302830919,0.0014666126391399495,0.0044433903146189925,0.001973507934192326,0.0046855864511717825,0.0012255595910279815
openml,XGBoostLSS/no_natural/exp/MAD,XGBoostLSS,False,exp,MAD,,False,11749986,openml_XGBoostLSS_no_natural_exp_MAD_safety_False_job_11749986.csv,house_16H,0.6165789796521574,0.0834114316057585,0.40804071230173133,0.06852286317020564,0.22228657472484029,0.01012099005233081,0.42371323091822627,0.01539444519327677,0.20142665619338596,0.00787837454665802,0.816396156946818,1399.5355732440948,0.07206992825282454,0.005287417648845957,0.15142876844023434,0.00665373952753918,0.072953506681116,0.0032877094575350543,0.09881740112472497,0.004571193239463284
openml,XGBoostLSS/no_natural/exp/MAD,XGBoostLSS,False,exp,MAD,,False,11749986,openml_XGBoostLSS_no_natural_exp_MAD_safety_False_job_11749986.csv,cpu_act,16.063381,1.8033812,2.360034727631768,0.043470464281305514,3.184217647772993,0.3818055528478869,6.001550894097559,0.718717644587325,2.817333246324566,0.3434897229791899,2.287040207121107,1670.7865858078003,0.57699257319929,0.030013498317719062,2.4282896760186055,0.31900145684624265,1.0653630182311757,0.14536907713018585,1.356881755816357,0.16365497025732706
openml,XGBoostLSS/no_natural/exp/MAD,XGBoostLSS,False,exp,MAD,,False,11749986,openml_XGBoostLSS_no_natural_exp_MAD_safety_False_job_11749986.csv,sulfur,0.020364509797384207,0.005331151262859904,-2.9227777237713983,0.08958095641101656,0.007927160513548333,0.0005107307255928872,0.01605924461034085,0.000924031286882726,0.008132084096792518,0.000622901507836053,0.24251238505045572,473.87242579460144,0.0023281200123525725,0.00012905396645124424,0.005465416871505624,0.00030056038665387017,0.0027548532110101475,0.00037598337483655343,0.0035161300316227818,0.00025112130828334567
openml,XGBoostLSS/no_natural/exp/MAD,XGBoostLSS,False,exp,MAD,,False,11749986,openml_XGBoostLSS_no_natural_exp_MAD_safety_False_job_11749986.csv,yprop_4_1,0.028771755568834836,0.004768331572219197,-2.128758067846464,0.26185887731148616,0.014891866760392844,0.0007573775262286902,0.02983141233445522,0.0010317006022944135,0.01493954557406237,0.0006094095632892249,0.1442255179087321,433.67565417289734,0.003972989982828436,0.0003283682683782159,0.009804892224398634,0.00044295165067178145,0.006324131404263986,0.00033610976678117763,0.006700671203830352,0.0003482444097744747
openml,XGBoostLSS/no_natural/exp/MAD,XGBoostLSS,False,exp,MAD,,False,11749986,openml_XGBoostLSS_no_natural_exp_MAD_safety_False_job_11749986.csv,house_sales,0.18276398397734006,0.004434269089758998,-0.41090841250344096,0.0271230149928061,0.09362415234746187,0.002193047562065234,0.18014780824715315,0.0028265630043922247,0.08652365589969131,0.0012865043587366233,1.6185814539591472,1248.2270622253418,0.03177820740910996,0.0009026134661956353,0.06367805964452122,0.0015143587117078421,0.029275514398299746,0.0009407908506498973,0.04157726048397698,0.0010460099284215797
openml,XGBoostLSS/no_natural/exp/MAD,XGBoostLSS,False,exp,MAD,,False,11749986,openml_XGBoostLSS_no_natural_exp_MAD_safety_False_job_11749986.csv,MiamiHousing2016,0.16293073661842025,0.009416736114823345,-0.6361334029284545,0.05217837064533331,0.0791876939371623,0.0030900432517226286,0.15327178147321677,0.002719359127848604,0.07408408753605444,0.001160228090632141,11.986432817247179,1111.7895712852478,0.027425921753355034,0.0014753023276651031,0.054268956519192536,0.0021241751740764397,0.023683825607564823,0.0009051368940409332,0.03512623462670413,0.0014234135514332197
openml,XGBoostLSS/no_natural/exp/MAD,XGBoostLSS,False,exp,MAD,,False,11749986,openml_XGBoostLSS_no_natural_exp_MAD_safety_False_job_11749986.csv,abalone,2.3699994,0.11847295,2.147897005442184,0.05617866717116063,1.181752578930855,0.04976307964974129,2.2574938469119092,0.05850039644564895,1.075741267981054,0.05193990711407189,0.5452294614579942,421.6220257282257,0.31947830189566917,0.006676127615691772,0.8021805281955988,0.027438414337697718,0.462307689434677,0.038220333424695184,0.5279888398419816,0.023199495562924468
openml,XGBoostLSS/no_natural/exp/MAD,XGBoostLSS,False,exp,MAD,,False,11749986,openml_XGBoostLSS_no_natural_exp_MAD_safety_False_job_11749986.csv,Bike_Sharing_Demand,134.45137262037554,4.288005993383279,5.672684815901793,0.058543763920767315,58.76318319587272,2.391171921666012,112.38851336751904,3.3772294215958767,53.62533017164631,1.4668911057780183,7.872179905573527,2232.467211008072,17.097281282537804,0.4909397871109717,41.692146960483285,1.6323753797983767,18.243186718042683,0.9968183914783385,25.677538320354593,1.0008014641688392
openml,XGBoostLSS/no_natural/exp/MAD,XGBoostLSS,False,exp,MAD,,False,11749986,openml_XGBoostLSS_no_natural_exp_MAD_safety_False_job_11749986.csv,superconduct,16.45014879757059,0.8190417056391842,3.59941082852609,0.07350343079467918,7.292555638099298,0.41312491523748573,13.757454855556068,0.7731616635149786,6.464899217456769,0.3634592475146047,9.055826425552368,7151.008830785751,2.2111699775052394,0.13776182521410843,5.445450165524418,0.3254519895378253,1.7238940708165749,0.06405799612347893,3.126838071282078,0.1708403895157642
openml,XGBoostLSS/no_natural/exp/MAD,XGBoostLSS,False,exp,MAD,,False,11749986,openml_XGBoostLSS_no_natural_exp_MAD_safety_False_job_11749986.csv,diamonds,0.23465722514002751,0.0025040298407787293,-0.06337753625614116,0.013660702407437116,0.13060284670456365,0.001406391283952633,0.25490902371874186,0.001153050439712767,0.12430617701417816,0.00047258939857847435,44.53892260127597,11236.589361906052,0.039740791324636676,0.0005289923805557492,0.09170142149142108,0.0009036699430631492,0.04050444045154518,0.0005381935219701459,0.05731555108920097,0.0005972648001147318
openml,XGBoostLSS/no_natural/exp/MAD,XGBoostLSS,False,exp,MAD,,False,11749986,openml_XGBoostLSS_no_natural_exp_MAD_safety_False_job_11749986.csv,medical_charges,0.08145268008975595,0.0019694128407458634,-1.2121731085691005,0.035201050603638144,0.03878172499779475,0.0005226919878771468,0.08221938828417318,0.0008858920214926982,0.04343766328637844,0.0005278224673525532,202.67000717586942,12813.287913560867,0.01015300802572425,0.00014791281198002016,0.025615795342114476,0.0003044279471135233,0.017632329724862155,0.00035848031029458825,0.01780037769756696,0.00025307144288785037
openml,XGBoostLSS/no_natural/exp/MAD,XGBoostLSS,False,exp,MAD,,False,11749986,openml_XGBoostLSS_no_natural_exp_MAD_safety_False_job_11749986.csv,nyc-taxi-green-dec-2016,0.4157602954125663,0.003909694822729356,-0.0500873964138019,0.05110773980060595,0.1888673574761281,0.0037555996749691354,0.3757389391649018,0.009652163633329146,0.1868715816887737,0.0059090834652344324,52.15823192066617,18638.809666872025,0.07450667788597037,0.0016495511605981675,0.12962401101046875,0.0029804138395142974,0.050437124532863795,0.0009208535135367552,0.08485593780976763,0.0017765695719594368
openml,XGBoostLSS/no_natural/exp/None,XGBoostLSS,False,exp,None,,False,11733821,openml_XGBoostLSS_no_natural_exp_None_safety_False_job_11733821.csv,cpu_act,16.325691,1.8211719,2.287044456452503,0.04177977415541834,3.1126877763619163,0.3844984584982791,5.862645239418094,0.7273496931538311,2.7499574630561776,0.35023028451798827,3.6281450854407415,842.0349843502045,0.5236095800154934,0.021026100148463255,2.3911349824675363,0.3245735953735578,1.040732829695419,0.1461302071882861,1.3184924640594828,0.1624432852688849
openml,XGBoostLSS/no_natural/exp/None,XGBoostLSS,False,exp,None,,False,11733821,openml_XGBoostLSS_no_natural_exp_None_safety_False_job_11733821.csv,pol,34.165455,0.77681035,1.7178248020441298,0.5189083561190865,14.701688326835429,0.41526850127913245,28.479732802140536,0.8479593406198435,13.778044475305116,0.4648682764384691,0.31695029470655656,831.1557075977325,4.4870796858221045,0.19846334469241003,11.438602250560571,0.3580317376895076,2.826792402764895,0.15496349619321526,6.250824779715857,0.1821091717833016
openml,XGBoostLSS/no_natural/exp/None,XGBoostLSS,False,exp,None,,False,11733821,openml_XGBoostLSS_no_natural_exp_None_safety_False_job_11733821.csv,wine_quality,0.67982686,0.024731006,0.9915738152819336,0.036661428300328945,0.3747598645436763,0.01530845189737663,0.7156920009955793,0.019168979662384816,0.34093213645190285,0.007168145098487296,0.6223233275943332,552.8559103012085,0.11627858488615492,0.004039558622707561,0.2628469883582534,0.010566931648262666,0.11642437712071291,0.006417403863320347,0.16518331678837375,0.0060132219105031295
openml,XGBoostLSS/no_natural/exp/None,XGBoostLSS,False,exp,None,,False,11733821,openml_XGBoostLSS_no_natural_exp_None_safety_False_job_11733821.csv,elevators,0.0037277048494559098,0.00017078629535640662,-4.701564198288226,0.028565644513042297,0.0015231144179903154,2.956938031029391e-05,0.002833511761990633,5.658990446706042e-05,0.001310397344000318,3.3430390749098636e-05,1.2203889158036973,995.9984908103943,0.0004533503497835881,5.810009228278349e-06,0.0010762382611374478,2.155599338760588e-05,0.00046577315795015475,1.6022910048206738e-05,0.0006651205896237303,1.17358055305498e-05
openml,XGBoostLSS/no_natural/exp/None,XGBoostLSS,False,exp,None,,False,11733821,openml_XGBoostLSS_no_natural_exp_None_safety_False_job_11733821.csv,Ailerons,0.00016043892072830244,3.4734024826288038e-06,-7.464744126750754,0.02478975220654678,8.359192304151404e-05,1.5692091091076277e-06,0.00016047557105126296,1.8886947149101324e-06,7.688364800974893e-05,8.2582386707427e-07,1.791721608903673,998.4451041221619,2.8105568174526134e-05,8.651890220010995e-07,5.801250491234934e-05,1.2448667868850143e-06,2.447764860598254e-05,6.221999324238022e-07,3.686524056428601e-05,7.295407557303874e-07
openml,XGBoostLSS/no_natural/exp/None,XGBoostLSS,False,exp,None,,False,11733821,openml_XGBoostLSS_no_natural_exp_None_safety_False_job_11733821.csv,Brazilian_houses,0.07245172613021664,0.05606716337539855,-2.950024542516497,0.08676562656109431,0.010411054849604837,0.0024720187216160324,0.018921666839256446,0.003779542301452151,0.008510611989651608,0.0016662221159526257,2.0061809486813016,670.5630161762238,0.00290305114412257,0.00051237989305317,0.0069125091123369,0.0014518920423198555,0.004206993428193255,0.0016526041275626926,0.004674184561550909,0.0011640741472366204
openml,XGBoostLSS/no_natural/exp/None,XGBoostLSS,False,exp,None,,False,11733821,openml_XGBoostLSS_no_natural_exp_None_safety_False_job_11733821.csv,house_16H,0.6089388490904646,0.08214347958907642,0.41164251373997457,0.0726717245363481,0.21991631616763666,0.008813905224230971,0.41892230384588125,0.013340501052176235,0.19900598767824457,0.007354997778145244,1.1508275667826335,1240.182535648346,0.07075248896264552,0.0048750643036714865,0.15040258165436204,0.005600950898427778,0.07205962160805297,0.0029331332350502563,0.09773823074168683,0.0039765327789521646
openml,XGBoostLSS/no_natural/exp/None,XGBoostLSS,False,exp,None,,False,11733821,openml_XGBoostLSS_no_natural_exp_None_safety_False_job_11733821.csv,Bike_Sharing_Demand,181.08588505884003,3.051160765185721,6.4041257977156425,0.020105466978821512,94.97356948260921,1.7308259162938497,182.0929143622275,1.9500738359563383,87.11934487961828,0.7652473392753764,1.2167539331648085,639.9900436401367,20.91051194851586,0.5582287706638902,71.17276132001363,1.1292430237928002,29.36414910008742,0.7089452707496648,40.482474122872304,0.6811841666511542
openml,XGBoostLSS/no_natural/exp/None,XGBoostLSS,False,exp,None,,False,11733821,openml_XGBoostLSS_no_natural_exp_None_safety_False_job_11733821.csv,houses,0.23703424703920303,0.0067411873470492965,-0.15185639742055068,0.04315976888105667,0.12063251816357666,0.0024739500451323605,0.22604064197772558,0.003873656262377721,0.1054081238141489,0.0026798436040330422,1.6826065116458468,1483.9018609523773,0.03742625847315778,0.0010266804854360898,0.08331738503374231,0.0014488944447871577,0.04003042711402712,0.0017910779596232846,0.0535913568736424,0.0011313267868266615
openml,XGBoostLSS/no_natural/exp/None,XGBoostLSS,False,exp,None,,False,11733821,openml_XGBoostLSS_no_natural_exp_None_safety_False_job_11733821.csv,sulfur,0.02174244449763731,0.005191553957960428,-2.896391663515012,0.09194421871740086,0.00833833785942492,0.0006904747903344317,0.015962228768191915,0.0017425452499875266,0.007623890908766994,0.0012102201946643035,0.2595505979326036,574.7985641956329,0.00236006391511407,0.00018238482856097792,0.005817881857726157,0.0004338904372158227,0.0028783316492698875,0.0003981063441588732,0.003685425807370038,0.00031939091121603494
openml,XGBoostLSS/no_natural/exp/None,XGBoostLSS,False,exp,None,,False,11733821,openml_XGBoostLSS_no_natural_exp_None_safety_False_job_11733821.csv,house_sales,0.18605267352033772,0.003894456520277719,-0.3875226444377603,0.02806183548849943,0.0956905147322542,0.0020767344461657556,0.1823438351564179,0.0024481152631163597,0.08665332042416368,0.0007509582116914003,3.289631658130222,1117.20801115036,0.03232857493653918,0.0008871488187463428,0.06524621889987985,0.0013184598538259873,0.029815817387353713,0.0011116246149785194,0.042463537074590905,0.001019407331850664
openml,XGBoostLSS/no_natural/exp/None,XGBoostLSS,False,exp,None,,False,11733821,openml_XGBoostLSS_no_natural_exp_None_safety_False_job_11733821.csv,MiamiHousing2016,0.17277314274245198,0.009520182860985474,-0.5674146515246714,0.045193986226913035,0.08528416457725396,0.003293018731706138,0.16202992190310064,0.004539744331054314,0.07674575732584668,0.0022813314519379234,3.1405624548594155,1352.8172051906586,0.02937396820352663,0.001576519275544532,0.058898185945654276,0.0023660770233621562,0.025063423575458307,0.0009606076395699385,0.03777852590821307,0.0015360457881199436
openml,XGBoostLSS/no_natural/exp/None,XGBoostLSS,False,exp,None,,False,11733821,openml_XGBoostLSS_no_natural_exp_None_safety_False_job_11733821.csv,yprop_4_1,0.02904321930119282,0.0048324723896790095,-2.1096411588385897,0.2673110039064206,0.015081904020610243,0.0008220895179028386,0.030248332966114608,0.0009694542334203003,0.015166428945504367,0.0003297883870342349,0.047154400083753795,541.1900041103363,0.004047099916638613,0.00032558281939302136,0.009898826209827492,0.0005006196241244002,0.006482201758567803,0.0003808763011133306,0.006809375961677969,0.000387478213818198
openml,XGBoostLSS/no_natural/exp/None,XGBoostLSS,False,exp,None,,False,11733821,openml_XGBoostLSS_no_natural_exp_None_safety_False_job_11733821.csv,abalone,2.2437053,0.13078302,2.1106519626214264,0.06853074493912366,1.1351262166068687,0.053748003397091466,2.190252704517086,0.054890181101633885,1.055126487910217,0.025177419422530694,0.2973508834838867,597.7959342002869,0.2929813030957933,0.008844500837125128,0.774206735744,0.0299119383053064,0.4563651839952371,0.04028074833700493,0.5078510742783435,0.02531227424902607
openml,XGBoostLSS/no_natural/exp/None,XGBoostLSS,False,exp,None,,False,11733821,openml_XGBoostLSS_no_natural_exp_None_safety_False_job_11733821.csv,superconduct,15.389008126115357,0.9721202006314332,3.5740689443982934,0.09275958089738165,7.023596506619933,0.5388163410969364,13.563801347031562,1.143498894306082,6.540204840411628,0.6058081889188902,1.7623420821295843,2636.2903904914856,2.2043802401687667,0.16207442993423213,5.113734758088379,0.4152214663668406,1.8069160742835915,0.12375312751266722,3.0416770241802458,0.2290063105028932
openml,XGBoostLSS/no_natural/exp/None,XGBoostLSS,False,exp,None,,False,11733821,openml_XGBoostLSS_no_natural_exp_None_safety_False_job_11733821.csv,diamonds,0.2335871684988501,0.0024325468603094195,-0.06520528390072335,0.012120149844778078,0.13018108239055357,0.001390188851968057,0.25565691566689414,0.0015043940056491617,0.12547583327634054,0.000808076878731345,8.981827153099907,10416.753414154053,0.03973058022557258,0.0005412521664840939,0.09126570651792353,0.0009042991784530364,0.04053408298507573,0.0004890252646457046,0.05717678990952394,0.0005794452297170302
openml,XGBoostLSS/no_natural/exp/None,XGBoostLSS,False,exp,None,,False,11733821,openml_XGBoostLSS_no_natural_exp_None_safety_False_job_11733821.csv,nyc-taxi-green-dec-2016,0.41215208639119266,0.0015379406306885721,-0.033255204763172695,0.02511179105190421,0.1875524401247749,0.0009144805512506073,0.3717295382857483,0.0021950590729188546,0.18417709816097336,0.001325302021250819,18.761494477589924,16097.571681261063,0.07400761358892746,0.00046553904861355383,0.129295843797449,0.0006907720796766753,0.04949341702558338,0.00047748014747162195,0.0842656248039866,0.00044411183463843206
openml,XGBoostLSS/no_natural/exp/None,XGBoostLSS,False,exp,None,,False,11733821,openml_XGBoostLSS_no_natural_exp_None_safety_False_job_11733821.csv,medical_charges,0.0816487651773954,0.002003459127634799,-1.2082850793932147,0.03507950905410098,0.0386766080268253,0.0005187573558315456,0.08051431395401155,0.0005485638209196905,0.04183770592718625,0.00013452592573776696,25.05851541625129,19296.286341667175,0.009894251926866042,7.549361559209522e-05,0.025605371585929612,0.0003141255625660621,0.017645508394577437,0.00036766636376240854,0.017715043969124364,0.00024633928821711634
openml,XGBoostLSS/no_natural/exp/None,XGBoostLSS,False,exp,None,,False,11752710,openml_XGBoostLSS_no_natural_exp_None_safety_False_job_11752710.csv,sulfur,0.02193481620296251,0.004809100429349099,-2.911278738601437,0.07516451024618195,0.008297406148182782,0.0005296291366327276,0.015860301397007906,0.0009005702706406707,0.007562895248825123,0.0005263724693442156,0.4235853883955214,378.57217049598694,0.002334563386714838,0.00010721036165083367,0.0058073465508420245,0.00032726355155905234,0.0028463564096888167,0.00036807254647160635,0.0036627554490818934,0.0002558201480372602
openml,XGBoostLSS/no_natural/exp/None,XGBoostLSS,False,exp,None,,False,11752710,openml_XGBoostLSS_no_natural_exp_None_safety_False_job_11752710.csv,wine_quality,0.69154537,0.024559718,1.01109018484895,0.031035118917449273,0.3816977131911683,0.014536456630456709,0.7375522445232581,0.017451206327971834,0.35585453133208966,0.007142058090376953,1.2998270458645291,457.52150106430054,0.12107874427464159,0.003342247167033619,0.26595010512481115,0.01057035690507408,0.11842237543160611,0.006456109730764527,0.16848374161035296,0.005764765373786439
openml,XGBoostLSS/no_natural/exp/None,XGBoostLSS,False,exp,None,,False,11752710,openml_XGBoostLSS_no_natural_exp_None_safety_False_job_11752710.csv,Brazilian_houses,0.06911577684121196,0.0551648014845229,-2.8464633397767294,0.19601304891356905,0.010572523625425035,0.0031329459089598248,0.020454365007582777,0.006258459894732521,0.009881841382157744,0.003441209006845518,1.0622668001386855,551.1859738826752,0.003509660605089127,0.0010978189962644748,0.006947876937689907,0.0019471511653647046,0.003723332829223611,0.0015138107336646936,0.004726956790667549,0.0014496142723688812
openml,XGBoostLSS/no_natural/exp/None,XGBoostLSS,False,exp,None,,False,11752710,openml_XGBoostLSS_no_natural_exp_None_safety_False_job_11752710.csv,Bike_Sharing_Demand,102.66182675162975,2.6479309569784033,5.509284885210116,0.037630419106690356,48.43516236032218,1.4656277359077499,93.41018560366953,1.8382715782489412,44.97502324334736,0.634397413763737,0.6036836571163602,662.141738653183,12.096071620110708,0.25102903504800606,34.35131148398827,0.9924466826752811,16.659129049816272,0.6177899581488593,21.035504051305082,0.5978565082435895
openml,XGBoostLSS/no_natural/exp/None,XGBoostLSS,False,exp,None,,False,11752710,openml_XGBoostLSS_no_natural_exp_None_safety_False_job_11752710.csv,yprop_4_1,0.028973762699984043,0.0048150369323779665,-2.142232811216947,0.2113683912265995,0.014868291281619844,0.0007631210212772686,0.030065889827570372,0.0013581099762520578,0.01519759854595053,0.0010078155643779502,0.24118190341525608,372.71450638771057,0.00416561243901667,0.00043149090498957913,0.009674002280379155,0.0004733580948318249,0.006279704116655186,0.0002988457718099012,0.006706439612017003,0.00034849937240587876
openml,XGBoostLSS/no_natural/exp/None,XGBoostLSS,False,exp,None,,False,11752710,openml_XGBoostLSS_no_natural_exp_None_safety_False_job_11752710.csv,Ailerons,0.00015972321628918607,3.817994657215563e-06,-7.467862076517479,0.027186795124099113,8.326691756466952e-05,1.912452513165435e-06,0.00015988091685292314,2.729173716900018e-06,7.66139992882536e-05,1.2662204210507323e-06,2.0439747174580893,700.8058753013611,2.7863265702023738e-05,9.436873440773317e-07,5.772369017911454e-05,1.489419334100272e-06,2.4622164013484545e-05,7.26181230797101e-07,3.673637329820761e-05,8.829645249647404e-07
openml,XGBoostLSS/no_natural/exp/None,XGBoostLSS,False,exp,None,,False,11752710,openml_XGBoostLSS_no_natural_exp_None_safety_False_job_11752710.csv,abalone,2.2440147,0.12988847,2.1054665645516817,0.058011937053531325,1.137633301057281,0.05298677366747312,2.233873885953889,0.05289934976479595,1.096240584896608,0.03697435693417795,0.10129499435424805,308.8129789829254,0.30353517105366523,0.010937826926859361,0.7699757814158102,0.0325411965981447,0.46118404631757964,0.037509497866650456,0.511564999595685,0.02498132490237892
openml,XGBoostLSS/no_natural/exp/None,XGBoostLSS,False,exp,None,,False,11752710,openml_XGBoostLSS_no_natural_exp_None_safety_False_job_11752710.csv,cpu_act,3.099033,0.20511635,2.750344456964546,0.5826270658040226,1.5078432644469357,0.07459415792487195,2.856936638420354,0.15168479972139454,1.3490933739734188,0.08202101873350065,0.3083784845140245,829.2254128456116,0.5126666123543927,0.03625524241021914,1.047764286196813,0.048270349034352136,0.43769361538243445,0.025509453069882643,0.6660415046445468,0.03328552289812368
openml,XGBoostLSS/no_natural/exp/None,XGBoostLSS,False,exp,None,,False,11752710,openml_XGBoostLSS_no_natural_exp_None_safety_False_job_11752710.csv,house_16H,0.6159718914683877,0.08234775882139529,0.39619006326799344,0.06290525701639404,0.221480539175219,0.008246382638828088,0.42301709678724675,0.01506811914985632,0.20153655761202777,0.009489933471583905,1.1812171671125624,916.6135013103485,0.07098008568233688,0.004294335744643935,0.15123474242170368,0.005095997048657134,0.0726893191095102,0.002580806931308829,0.0983013824045169,0.0036150002980140116
openml,XGBoostLSS/no_natural/exp/None,XGBoostLSS,False,exp,None,,False,11752710,openml_XGBoostLSS_no_natural_exp_None_safety_False_job_11752710.csv,houses,0.23461637686630812,0.007398259220164496,-0.18155972260957667,0.06216534379699982,0.11814559237965394,0.0027319998627844447,0.22638468365391656,0.0030599680279071546,0.10823909127426264,0.0018499265479736894,4.8794148498111305,858.1415555477142,0.03821285654098388,0.0008300120625726211,0.08116615837433575,0.0015845172268208424,0.037924968547924105,0.0019306073259352094,0.05243466115441458,0.001233855698302659
openml,XGBoostLSS/no_natural/exp/None,XGBoostLSS,False,exp,None,,False,11752710,openml_XGBoostLSS_no_natural_exp_None_safety_False_job_11752710.csv,house_sales,0.1864311434867911,0.0035896219492263775,-0.3949137183401122,0.024748100094058888,0.09591221614764962,0.0017389255364020219,0.18419073436618494,0.002581041052959898,0.08827851821853532,0.0019076846830318468,3.5378111203511557,932.7301752567291,0.033116927094120605,0.00058390298987316,0.06586266477036896,0.001248795955405022,0.028427727718051583,0.0009419775256091592,0.04246910652751372,0.0008547505032246609
openml,XGBoostLSS/no_natural/exp/None,XGBoostLSS,False,exp,None,,False,11752710,openml_XGBoostLSS_no_natural_exp_None_safety_False_job_11752710.csv,pol,11.441475,0.41710302,1.731887507567514,0.4405794393519501,4.708929067052117,0.2803239696212473,7.780700148037336,0.3686908937722148,3.071771080985218,0.4226116976067807,2.063031276067098,1019.5637898445129,1.299277939448479,0.08530998088160338,3.328369238607735,0.13378740051865814,1.6176234074495148,0.33844276734442036,2.0817568618352427,0.15058105688237342
openml,XGBoostLSS/no_natural/exp/None,XGBoostLSS,False,exp,None,,False,11752710,openml_XGBoostLSS_no_natural_exp_None_safety_False_job_11752710.csv,MiamiHousing2016,0.16540561886976718,0.009530080223189344,-0.5823393349067832,0.07275940596260153,0.0813796182375638,0.003343532997444911,0.15260404550179485,0.003245018759019767,0.07122442726423107,0.0004935300900551997,1.5119282669491239,851.5825443267822,0.02855679538783276,0.0018565237094080847,0.05604178752195102,0.002223302122814737,0.023554513767851292,0.0007190842362610976,0.036051032225878354,0.001572279409334884
openml,XGBoostLSS/no_natural/exp/None,XGBoostLSS,False,exp,None,,False,11752710,openml_XGBoostLSS_no_natural_exp_None_safety_False_job_11752710.csv,elevators,0.003486909633713373,0.00017001246082180933,-4.704327553210293,0.02921080999893559,0.0014668224215930133,4.361997003520529e-05,0.0027235614294126324,7.563882401813142e-05,0.0012567390078196195,3.8306051308895584e-05,1.8069862259758844,1444.3776395320892,0.0004279732681390792,9.08777233297743e-06,0.0010290038754701752,2.5274821292029027e-05,0.0004706072565274722,2.5506616942054145e-05,0.0006425281333789089,1.806689964565046e-05
openml,XGBoostLSS/no_natural/exp/None,XGBoostLSS,False,exp,None,,False,11752710,openml_XGBoostLSS_no_natural_exp_None_safety_False_job_11752710.csv,superconduct,12.604395668599075,0.26302954128176276,3.597999291906729,0.39091213894931104,5.780689125599327,0.17995463831226813,10.729183161423181,0.18735045902801226,4.948494035823854,0.13985726910384122,1.3837378819783528,3041.7801880836487,1.946523745246481,0.10691921351126839,4.07134363037393,0.10961935658439788,1.606616370993998,0.05772935704778365,2.541494582204803,0.08401766403428386
openml,XGBoostLSS/no_natural/exp/None,XGBoostLSS,False,exp,None,,False,11752710,openml_XGBoostLSS_no_natural_exp_None_safety_False_job_11752710.csv,diamonds,0.2343285136936585,0.002518118361341424,-0.061573647770882894,0.0128780772150923,0.1306493007935715,0.0014244233128700677,0.25481143043958987,0.0011774624831829895,0.12416212964601835,0.0004417263074776161,70.11183224784003,10866.684759140015,0.03990554047444519,0.0005305369902188862,0.09172202101945376,0.0009264229647752941,0.04038188378226558,0.000526538708259524,0.05733648175872151,0.0005908413080117375
openml,XGBoostLSS/no_natural/exp/None,XGBoostLSS,False,exp,None,,False,11752710,openml_XGBoostLSS_no_natural_exp_None_safety_False_job_11752710.csv,nyc-taxi-green-dec-2016,0.4037237839187065,0.0015032196064615779,0.01188193383488768,0.10712539568731985,0.18538063498379603,0.001453221451495,0.3639325250144525,0.004361687166795711,0.17855189003065647,0.0030233853056685187,7.249971389770508,18874.643659830093,0.07291120843966162,0.0008791172688881343,0.1277459894196772,0.0010759193678193944,0.04877602495492004,0.0004252455252493599,0.08314440760475295,0.000744613565748878
openml,XGBoostLSS/no_natural/exp/None,XGBoostLSS,False,exp,None,,False,11752710,openml_XGBoostLSS_no_natural_exp_None_safety_False_job_11752710.csv,medical_charges,0.08156221238430184,0.0020253147653618926,-1.2089237757640074,0.036456867372320234,0.038542651103426175,0.0005292961593571661,0.0805876212165467,0.0007552409786697377,0.04204497011312052,0.0003515441342353378,37.20078897476196,23190.990303516388,0.010090619840997362,0.00019436763147817897,0.02532306307096832,0.00029324655714422056,0.017625997281573127,0.00037136003524937123,0.017679893397846272,0.00025447497091158044
