suite,config,model,natural_gradient,mode,stabilization,standardize,safety,job,source_file,dset,RMSE-mean,RMSE-std,NLL-mean,NLL-std,CRPS-mean,CRPS-std,CRPS-calibration-mean,CRPS-calibration-std,CRPS-sharpness-mean,CRPS-sharpness-std,time_run,time_HP,WQL01-mean,WQL01-std,WQL05-mean,WQL05-std,WQL09-mean,WQL09-std,WQL_avg-mean,WQL_avg-std,
uci,NGboost/natural/None/None,NGboost,True,,,,,,NGboost_natural_crps_calibration_sharpness.csv,Yacht Hydrodynamics, 0.5788695708986362, 0.19014625601930593, 2.0438741291371487, 2.3479305441331717, 0.26565063425452695, 0.09476879895240974, 50.652265310287476,,,,,,,,,,,,,,
uci,NGboost/natural/None/None,NGboost,True,,,,,,NGboost_natural_crps_calibration_sharpness.csv,Wine Quality Red, 0.6157695847854596, 0.04210220097107186, 1.1384054669084542, 0.28344662936158527, 0.3445407833275638, 0.022214986252527227, 59.266237711906435,,,,,,,,,,,,,,
uci,NGboost/natural/None/None,NGboost,True,,,,,,NGboost_natural_crps_calibration_sharpness.csv,Energy Efficiency, 0.46903754276895127, 0.05819670740723006, 0.7061920813884421, 0.6050205605191793, 0.2384194563349859, 0.022637590645184866, 110.97653292417526,,,,,,,,,,,,,,
uci,NGboost/natural/None/None,NGboost,True,,,,,,NGboost_natural_crps_calibration_sharpness.csv,Concrete Compression Strength, 5.018780524269802, 0.5459426144987777, 3.076676825713899, 0.1835391091532031, 2.664356657982921, 0.25589590322616557, 123.61649497747422,,,,,,,,,,,,,,
uci,NGboost/natural/None/None,NGboost,True,,,,,,NGboost_natural_crps_calibration_sharpness.csv,Combined Cycle Power Plant, 3.620162513472228, 0.19462925604066034, 2.7925562068171157, 0.20156959560652063, 1.945535293343767, 0.07586981393688046, 127.03811489343643,,,,,,,,,,,,,,
uci,NGboost/natural/None/None,NGboost,True,,,,,,NGboost_natural_crps_calibration_sharpness.csv,Boston Housing, 2.7736519188245543, 0.4075685167247837, 2.6010613638053264, 0.27283539328486134, 1.535934731665979, 0.17306124795923183, 134.09921144247056,,,,,,,,,,,,,,
uci,NGboost/natural/None/None,NGboost,True,,,,,,NGboost_natural_crps_calibration_sharpness.csv,Kin8nm, 0.16919876669727235, 0.004402081856195327, -0.41157318418137756, 0.034115906936409056, 0.09402341646942525, 0.002123995770646719, 231.86712311506272,,,,,,,,,,,,,,
uci,NGboost/natural/None/None,NGboost,True,,,,,,NGboost_natural_crps_calibration_sharpness.csv,Protein Structure, 4.516176123450118, 0.040244098284663035, 2.851461174047727, 0.019882714758304006, 2.4664692893622058, 0.028100280392242428, 1203.4953387737273,,,,,,,,,,,,,,
uci,NGboost/natural/None/None,NGboost,True,,,,,,NGboost_natural_crps_calibration_sharpness.csv,Naval Propulsion, 0.002180843539214535, 8.673845678075761e-05, -4.934909438056162, 0.03492829983097729, 0.0011274101963745853, 3.897229724492084e-05, 348.9435616970062,,,,,,,,,,,,,,
uci,NGboost/natural/None/None,NGboost,True,,,,,,NGboost_natural_crps_calibration_sharpness.csv,Year Prediciton MSD, 9.14822609846608, 0.0, 3.4740489834100914, 0.0, 6.023763157871851, 0.0,  18029.45107603073,,,,,,,,,,,,,,
uci,GPboost/?/None/None,GPboost,,,,,,,uci_GPboost.csv,Yacht Hydrodynamics,2.731297101523699,0.9384510573188706,2.374900301583095,0.11256935276885562,1.413051048577632,0.29263408503818517,3.357053819394969,0.28938117475181346,1.9440027708173369,0.06441364975862038,2.4502301931381227,221.46924986839295,0.471992304391384,0.05120679833105875,0.6770234025831758,0.21936689835368253,0.6723227079306551,0.16416103940616708,0.6071128049684051,0.13622203405070818,
uci,GPboost/?/None/None,GPboost,,,,,,,uci_GPboost.csv,Boston Housing,3.062422645964512,0.8433196120476106,2.4747849990953092,0.2347249016357481,1.5411560549708514,0.28413458390366336,3.195394352984081,0.2878692962512666,1.654238298013229,0.07127988211051314,6.522447764873505,702.5616430163384,0.48527491838767267,0.09407570486298254,0.997522092374699,0.18642028318016324,0.5987789964850745,0.16299361888309605,0.693858669082482,0.1316506893089964,
uci,GPboost/?/None/None,GPboost,,,,,,,uci_GPboost.csv,Concrete Compression Strength,5.956726937539154,0.476714340902901,3.2291456588832688,0.19862993156383094,3.12633850451968,0.2474521923110286,6.607008320750109,0.3080722597123213,3.480669816230427,0.18044489087975896,31.382113647460937,3192.3922297358513,1.1135406539722563,0.1188015908302494,2.009654883000007,0.200405781870888,1.0788093168086677,0.11081919719730461,1.4006682845936438,0.10415729705337552,
uci,GPboost/?/None/None,GPboost,,,,,,,uci_GPboost.csv,Energy Efficiency,0.6587969311165731,0.09417238729946006,1.0222735715806461,0.08107964145723424,0.3638468542192773,0.03913068128416756,0.8342860403651888,0.0600817885858477,0.4704391861459117,0.024968627098959313,47.665659356117246,3684.111483561993,0.1319664045498369,0.015523738035645664,0.22799677564420612,0.02899357924316193,0.12799577016342475,0.013969305469291112,0.16265298345248924,0.01741611175204341,
uci,GPboost/?/None/None,GPboost,,,,,,,uci_GPboost.csv,Wine Quality Red,0.5898696503935353,0.04635870187230521,0.931737088971946,0.044273277983512035,0.3352856109484969,0.021533600962763008,0.7591906222675316,0.018569493519862045,0.4239050113190347,0.0065576333409129856,0.259177565574646,142.6293724298477,0.11546764636069437,0.007942316761423441,0.21898375314054172,0.01634084445368067,0.1128508159722906,0.00750484079703097,0.14910073849117556,0.009207599479195026,
uci,GPboost/?/None/None,GPboost,,,,,,,uci_GPboost.csv,Naval Propulsion,0.0035009350228091367,0.0026012978484831815,-3.540666820658754,0.12002436614276121,0.003045748658980613,0.0005977359228456679,0.009015298823636138,0.0005979655323542853,0.005969550164655527,2.2091886550535884e-05,0.8786737084388733,324.9073194742203,0.001482444575139228,0.00022754426918242056,0.0009191313028508363,0.0005470203352277008,0.001443828743017495,0.00014757259612436445,0.001281801540335853,0.0003001361479841542,
uci,GPboost/?/None/None,GPboost,,,,,,,uci_GPboost.csv,Combined Cycle Power Plant,3.887506590407284,0.16934896661697227,3.624255909425701,0.003547958450345335,3.8473521993251913,0.03147227774336273,11.915274321462562,0.05611424083388844,8.067922122137368,0.03688346531168042,2.1344273686408997,1064.8791333675385,1.8774650023702875,0.013815089858520842,1.4135482762169522,0.038450075703484306,1.8409542388907176,0.016411739533102997,1.7106558391593194,0.014843102953830657,
uci,GPboost/?/None/None,GPboost,,,,,,,uci_GPboost.csv,Kin8nm,0.11221162581661785,0.0034074012064327455,-0.34575652749437663,0.006009223814379529,0.07996108366793224,0.0011780140509894906,0.22332947790327298,0.00141041097238261,0.14336839423534076,0.000830688945628772,2.7789028525352477,1197.7730180859567,0.03299417126117762,0.00046699941266996244,0.04343909105379198,0.0013397402646927942,0.03317498201199493,0.00040940846302084936,0.036536081442321504,0.0004697670043949298,
uci,GPboost/?/None/None,GPboost,,,,,,,uci_GPboost.csv,Protein Structure,3.7332406732635506,0.019591830130977515,2.802112829616398,0.0031035980903741283,2.131723882035556,0.010291375382587278,4.9819872024660885,0.015992841375088204,2.8502633204305328,0.00687165510003745,15.344258260726928,9221.52845673561,0.7283672484670803,0.0043986095293737084,1.3017079862469356,0.009379446340060963,0.772005790535897,0.0054034423560303845,0.9340270084166378,0.0032143511566422997,
uci,GluonTS_LSF/?/None/None,GluonTS_LSF,,,,,,,uci_GluonTS_LSF.csv,Boston Housing,3.9375008797392455,0.9486402516699044,2.988355837264538,0.41640604149170196,2.3231048308823525,0.533166604998046,4.053247549019607,0.7571113679189433,1.7301427181372548,0.3031906766321874,2.300805389881134,74.09160912036896,0.7194382352941177,0.1691417354001415,1.610906862745098,0.38301099339838,0.8075656862745099,0.23310537985853685,1.0459702614379087,0.2322329123756537,
uci,GluonTS_LSF/?/None/None,GluonTS_LSF,,,,,,,uci_GluonTS_LSF.csv,Yacht Hydrodynamics,2.4035598416071666,1.455872355425906,1.034700708891361,0.2600232940765452,1.1998915596774193,0.4999988367403864,2.3121117741935486,0.8130834845462411,1.1122202145161288,0.35671790700276074,1.2954960703849792,43.80538862943649,0.29259274193548385,0.12098516640904776,0.8972540322580645,0.4128037190101247,0.3925570967741935,0.1858509859183034,0.5274679569892473,0.22610662061580372,
uci,GluonTS_LSF/?/None/None,GluonTS_LSF,,,,,,,uci_GluonTS_LSF.csv,Wine Quality Red,0.6143992129449194,0.044829672469708697,0.9555713708997855,0.10482431590318096,0.29968953906249995,0.030261337819923784,0.5573609375,0.04863259648546403,0.2576713984375,0.02899007407795132,5.945664644241333,211.20686260461807,0.0975,0.015274723810923718,0.20640624999999999,0.026713266981267938,0.104515625,0.015248743224340661,0.13614062500000004,0.015784425388731472,
uci,GluonTS_LSF/?/None/None,GluonTS_LSF,,,,,,,uci_GluonTS_LSF.csv,Energy Efficiency,1.0326841063853003,0.44302167330272124,1.2314174858914266,0.3749668600058348,0.5434048375649351,0.13398940710512106,1.016239525974026,0.24682825737535893,0.4728346884090908,0.12174202852834243,2.626573693752289,103.88354756832123,0.1882834415584416,0.05775665883640765,0.38120551948051945,0.0982214507266249,0.1614005194805195,0.05448437457592473,0.24362982683982684,0.06452077784165719,
uci,GluonTS_LSF/?/None/None,GluonTS_LSF,,,,,,,uci_GluonTS_LSF.csv,Concrete Compression Strength,5.873719544646134,0.49883294145485974,3.3247656618022154,0.1445117662153864,3.475578624289767,0.25574418449892833,6.187130233952098,0.4331707646137737,2.7115516096623318,0.2788624028792697,4.766208004951477,144.2220697283745,1.1058706932168445,0.11722403293341899,2.404801274319728,0.19124895351575247,1.1654194672755456,0.12410174089851289,1.5586971449373728,0.11716672680543148,
uci,GluonTS_LSF/?/None/None,GluonTS_LSF,,,,,,,uci_GluonTS_LSF.csv,Kin8nm,0.15887256857758897,0.006151747024376207,-0.38031902939191115,0.0487679088617603,0.0880210239296327,0.0036883991931941197,0.15938207717025887,0.006970176433307806,0.07136105324062617,0.003750097716687108,37.79932754039764,1213.5757597327233,0.0313081628856044,0.001454956266322106,0.061144588709004875,0.0026427809960745843,0.025612160018156287,0.0010720544580459974,0.039354970537588525,0.001584028421553919,
uci,GluonTS_LSF/?/None/None,GluonTS_LSF,,,,,,,uci_GluonTS_LSF.csv,Combined Cycle Power Plant,3.6226090405127627,0.20997776923630557,2.7581075614099677,0.06486701471351343,2.013454170585162,0.08704362327912772,3.7539147283176595,0.16936191341065904,1.7404605577324979,0.10815519329926099,34.266748225688936,1314.0979102373124,0.659291170323929,0.04091767355703111,1.3919269853709508,0.060112357792410746,0.6560901410658309,0.031163782723705048,0.9024360989202369,0.03914510220544978,
uci,GluonTS_LSF/?/None/None,GluonTS_LSF,,,,,,,uci_GluonTS_LSF.csv,Protein Structure,4.215170670064015,0.17319962930989616,2.8702500899984127,0.07153872601245219,2.070345379128582,0.10727203410555919,3.9239738773234207,0.2840501067034834,1.8536284981948383,0.17861088582822815,234.8286048412323,7137.121965265274,0.5695775009840367,0.015269212395327527,1.434700809096873,0.07797550367444801,0.7617797747649245,0.047606990494386714,0.9220193616152781,0.044696376379722146,
uci,GluonTS_LSF/?/None/None,GluonTS_LSF,,,,,,,uci_GluonTS_LSF.csv,Year Prediciton MSD,9.408315187310977,0.0,3.5696052512809633,0.0,4.6625755893005865,0.0,9.049085204051986,0.0,4.386509614751399,0.0,16014.810537338257,95852.90087509155,1.983138352476322,0.0,3.227159154738616,0.0,1.037778767746809,0.0,2.082692091653916,0.0,
uci,GluonTS_LSF/?/None/None,GluonTS_LSF,,,,,,,uci_GluonTS_LSF.csv,Naval Propulsion,0.0014931217819340928,0.0004440030562400522,-4.883291902598766,0.304324385821306,0.0006639844258172681,0.0001556471889567412,0.0011766609388097244,0.00030475368350133013,0.0005126765129924563,0.00015116941404264022,47.60156569480896,832.9928543210029,0.0002521785414920371,7.1851518500281e-05,0.0004256601005867565,9.726398035916403e-05,0.000251122799664711,6.359052903345384e-05,0.0003096538139145015,7.472833577123477e-05,
uci,LSSboost/natural/exp/L2,LSSboost,True,exp,L2,,,,uci_LSSboost_natural_exp_L2.csv,Yacht Hydrodynamics,5.318736604094007,1.3810431957244331,1.5908064158960546,0.32645818487576816,1.9953598118143911,0.5611768391717021,3.403342126464641,0.9113230781628554,1.40798231465025,0.3742618416005164,0.47840237617492676,795.6507062911987,0.46303358614880236,0.16643547913117204,1.489382641459665,0.42731708164487947,0.5443935604377572,0.1982044722258493,0.8322699293487416,0.24183004199696434,
uci,LSSboost/natural/exp/L2,LSSboost,True,exp,L2,,,,uci_LSSboost_natural_exp_L2.csv,Wine Quality Red,0.6387634438345433,0.03697060415533474,0.9424433629243539,0.07014981920527397,0.35309252091272164,0.020619787105169173,0.6731128683386172,0.030805010677457858,0.3200203474258955,0.017152561360988056,0.48773902654647827,1171.1631231307983,0.11281872353768904,0.010552532610961014,0.244751097932458,0.013336690141529006,0.10970567271786318,0.00903857357195086,0.15575849806267006,0.009301211341903367,
uci,LSSboost/natural/exp/L2,LSSboost,True,exp,L2,,,,uci_LSSboost_natural_exp_L2.csv,Protein Structure,4.028168430292313,0.09684211742215057,2.7465127091727144,0.0684926041115219,2.085476943243637,0.05678453979681052,3.9187945471773653,0.16866157482239008,1.8333176039337284,0.11323218647644458,7.623816871643067,5895.800164222717,0.575717839177394,0.018061256377348726,1.4634166037585785,0.04372510498458216,0.7225047120685486,0.019460862207527945,0.920546385001507,0.024612991491993055,
uci,LSSboost/natural/exp/L2,LSSboost,True,exp,L2,,,,uci_LSSboost_natural_exp_L2.csv,Naval Propulsion,0.09044080907601008,0.03288482212519531,-3.9617363893552238,0.837489665472862,0.011594148891744972,0.005231131794118357,0.01839857717051498,0.006340925554725946,0.006804428278770008,0.0015258983441230009,5.605862891674041,1389.746872663498,0.004379785819262188,0.002093142220973307,0.007030383807046016,0.00313361262355625,0.004927494003529762,0.0026590621846037505,0.005445887876612654,0.002482083086020332,
uci,LSSboost/natural/exp/L2,LSSboost,True,exp,L2,,,,uci_LSSboost_natural_exp_L2.csv,Kin8nm,0.10703296393827308,0.0030821441020187743,-0.8597861683661435,0.022005071906042208,0.059372623991299445,0.0015139082406046963,0.12043990261657431,0.0023195730182087523,0.06106727862527485,0.0015799442201063056,11.157324945926666,1854.1704859733582,0.019548073305039472,0.0005946710493451392,0.041496110182811435,0.0011873708761735836,0.01729922866646626,0.00048428203254752836,0.02611447071810572,0.0006674868499978534,
uci,LSSboost/natural/exp/L2,LSSboost,True,exp,L2,,,,uci_LSSboost_natural_exp_L2.csv,Energy Efficiency,0.47633321691244435,0.04742573910507807,0.7272555019968275,0.44784361279854595,0.24270333620095838,0.02057453132312725,0.4516234472395846,0.05080684588551567,0.2089201110386262,0.039601343391137904,2.9831770420074464,2330.4456458091736,0.08810256348644381,0.013771395002676934,0.16906322162677714,0.015626367065653964,0.06527157563478506,0.012655455527951817,0.10747912024933533,0.009378357661405516,
uci,LSSboost/natural/exp/L2,LSSboost,True,exp,L2,,,,uci_LSSboost_natural_exp_L2.csv,Boston Housing,3.976043747586961,0.9869807084434955,2.735461469733196,0.2187247011908247,1.9965235810127377,0.32404969834047576,3.6281127242831053,0.5267040046461823,1.6315891432703675,0.26282556308200267,0.5029115438461303,2422.902642250061,0.6593130070946571,0.11578327806160986,1.3818066236084585,0.23058038863343686,0.609522492578822,0.14972558997839247,0.8835473744273126,0.13972793107192,
uci,LSSboost/natural/exp/L2,LSSboost,True,exp,L2,,,,uci_LSSboost_natural_exp_L2.csv,Concrete Compression Strength,6.262665327818012,0.9697216761934375,3.2749021070581046,0.20273776825450332,3.29115098350396,0.5083283597664019,6.0044931117998175,0.8548314660728333,2.7133421282958565,0.38881793164847545,2.051885688304901,2697.4119715690613,1.138930323652024,0.14278320548710943,2.316743877882282,0.41439483080401934,0.8858124034727425,0.14978907168793346,1.4471622016690164,0.21396243970056858,
uci,LSSboost/natural/exp/L2,LSSboost,True,exp,L2,,,,uci_LSSboost_natural_exp_L2.csv,Combined Cycle Power Plant,4.759646380101978,2.4183474145232418,2.961953889767938,0.3384753562222521,2.6485591898533007,1.5220430589021512,4.983697965919103,2.88309070897072,2.335138776065803,1.363462328429479,9.79233512878418,4283.149672269821,0.931754713457396,0.5613433793060937,1.9365564878457764,1.2771745830383254,0.5807514900071651,0.04968962082664002,1.1496875637701125,0.6182508821063136,
uci,LSSboost/natural/exp/L2,LSSboost,True,exp,L2,,,,uci_LSSboost_natural_exp_L2.csv,Year Prediciton MSD,114.44686244095377,0.0,6.162388884163299,0.0,69.60905501275542,0.0,133.46306377321645,0.0,63.854008760461035,0.0,1146.6237564086914,87178.59136223793,26.047434044029,0.0,57.03219437153553,0.0,3.2891345398120015,0.0,28.789587651792175,0.0,
uci,LSSboost/natural/exp/MAD,LSSboost,True,exp,MAD,,,,uci_LSSboost_natural_exp_MAD.csv,Wine Quality Red,0.6489037210022508,0.03666931603563249,0.9708835605202759,0.0688299647026593,0.35996772138403127,0.02118472140128132,0.6791124824838992,0.03051703743705405,0.319144761099868,0.016956090833038208,0.6895498514175415,1135.3825242519379,0.11529894764966764,0.010028426137256238,0.2487641920149326,0.014261626130551217,0.11337004547320764,0.008737281838515867,0.15914439504593594,0.009444850082219257,
uci,LSSboost/natural/exp/MAD,LSSboost,True,exp,MAD,,,,uci_LSSboost_natural_exp_MAD.csv,Naval Propulsion,0.0010134783991931826,0.0005543815369904866,-5.441246419065611,0.6909107968713853,0.0004793869136211146,7.635453158519204e-05,0.0010532866389704086,0.00021764337920338324,0.0005738997253492938,0.00016809154905691684,13.78319047689438,1364.4061706066132,0.00017680906604314995,5.639943934918369e-05,0.00030579914538078943,3.457207095985702e-05,0.00016922686758296862,2.9843200801759584e-05,0.0002172783596689693,3.718961749938409e-05,
uci,LSSboost/natural/exp/MAD,LSSboost,True,exp,MAD,,,,uci_LSSboost_natural_exp_MAD.csv,Energy Efficiency,0.5165040686604055,0.1274955889812047,0.7772720970201344,0.5159006586124454,0.26477338818904067,0.07714789123098233,0.492289106625239,0.17930704003516007,0.22751571843619836,0.10397507536461642,2.64342622756958,2217.8619713783264,0.09361865751064637,0.0356915855515989,0.1882385835139782,0.06560722633513677,0.06791739354658383,0.013364731399124766,0.11659154485706946,0.03402697107972388,
uci,LSSboost/natural/exp/MAD,LSSboost,True,exp,MAD,,,,uci_LSSboost_natural_exp_MAD.csv,Boston Housing,4.141712486903824,0.9749357916964791,2.708027971573945,0.17839638332510266,2.1183464533061844,0.3513532499076067,3.8616272637885998,0.560305012909386,1.7432808104824162,0.26591549131141184,0.7648569583892822,2237.5405735969543,0.6832420382153217,0.11288962222458394,1.4893500124706942,0.2467624198848984,0.6206578311145564,0.14946617550165955,0.9310832939335242,0.1474347408885591,
uci,LSSboost/natural/exp/MAD,LSSboost,True,exp,MAD,,,,uci_LSSboost_natural_exp_MAD.csv,Protein Structure,4.672196889002936,0.27702254165823,2.883352038725033,0.08338818844690597,2.3769806257525703,0.16663516935861883,4.415188965406796,0.371145268720157,2.038208339654226,0.20584749553796763,33.256830072402956,9435.522981405258,0.6890660124762222,0.044026104863380496,1.6915106371913364,0.13318861700771414,0.741826844353078,0.02637485684194309,1.0408011646735456,0.06694268217715076,
uci,LSSboost/natural/exp/MAD,LSSboost,True,exp,MAD,,,,uci_LSSboost_natural_exp_MAD.csv,Concrete Compression Strength,6.175297832528708,0.7721534784365721,3.3623608340740745,0.3876461865520938,3.2684762112168935,0.37281953542141466,5.873026986354657,0.6300429167437998,2.604550775137763,0.3190783182756134,2.878136229515076,2818.166307926178,1.092693328146575,0.1363595589706432,2.308974341614607,0.2864080605115057,0.906979355936719,0.15226747859259016,1.436215675232634,0.16177800201759035,
uci,LSSboost/natural/exp/MAD,LSSboost,True,exp,MAD,,,,uci_LSSboost_natural_exp_MAD.csv,Combined Cycle Power Plant,3.7277348015861564,0.19239635322780343,2.7622205240210818,0.10267476501896614,1.9863382659013418,0.0931538711353886,3.6355116224133766,0.16529697918874342,1.6491733565120346,0.08114118109424422,7.314334654808045,3418.973668575287,0.6686603157851863,0.03588251880495366,1.3949079938388296,0.06840529418977588,0.5619205488218242,0.030733710376561325,0.8751629528152801,0.04016467830579185,
uci,LSSboost/natural/exp/MAD,LSSboost,True,exp,MAD,,,,uci_LSSboost_natural_exp_MAD.csv,Kin8nm,0.13392105014704664,0.005173402342963282,-0.6272756164561202,0.03569112685213047,0.07467591444079444,0.002558557452275088,0.13720062895231053,0.0051601421831000095,0.06252471451151609,0.0028379599851231815,9.858094072341919,2646.851877450943,0.025142409254214775,0.0012067039923796669,0.05299768835749278,0.00189719990324035,0.019929035041110287,0.000688875515035622,0.03268971088427262,0.00111787450718271,
uci,LSSboost/natural/exp/MAD,LSSboost,True,exp,MAD,,,,uci_LSSboost_natural_exp_MAD.csv,Year Prediciton MSD,9.191658829532795,0.0,3.469962092491453,0.0,4.736097575426588,0.0,9.074064941975324,0.0,4.337967366548736,0.0,1540.999905347824,94832.75894713402,1.822260739662257,0.0,3.344388284287749,0.0,1.0662168913517187,0.0,2.0776219717672415,0.0,
uci,LSSboost/natural/exp/MAD,LSSboost,True,exp,MAD,,,,uci_LSSboost_natural_exp_MAD.csv,Yacht Hydrodynamics,4.164731920749257,5.069983296075425,90.93028021087578,360.4802011258427,1.636347412849446,2.2685372294941257,1.9374812409170754,2.2969397448878377,0.3011338280676298,0.11988196607123786,0.7929553508758544,792.2876007556915,0.44880293006457483,0.9545932066701001,0.8956574958948785,1.1653249616505978,1.0538296614255827,1.4431596211235247,0.7994300291283453,1.1279700423653105,
uci,LSSboost/natural/exp/None,LSSboost,True,exp,None,,,,uci_LSSboost_natural_exp_None.csv,Yacht Hydrodynamics,0.7412316848378315,0.3490244932676678,0.4839633120472137,0.23164126817528818,0.3192820449469373,0.11084061785600276,0.5974592732949237,0.16735772304232926,0.27817722834798625,0.07683473894886081,0.8351192116737366,777.5140151977539,0.10631963561667745,0.03969343718563255,0.2233329301601456,0.07348070553032174,0.09331355941430333,0.04804927900450479,0.1409887083970421,0.05016062128710897,
uci,LSSboost/natural/exp/None,LSSboost,True,exp,None,,,,uci_LSSboost_natural_exp_None.csv,Wine Quality Red,0.6237590371832071,0.03635820115063072,0.8959615928578335,0.06806272291098563,0.3419745233372676,0.020024974702382032,0.6718492160326146,0.034422077139265025,0.3298746926953471,0.022000117269448293,0.45843957662582396,903.4612214565277,0.11040583831776038,0.010500254937451135,0.23652624182403081,0.013530887445639581,0.1060155160464888,0.007686731399362926,0.15098253206276,0.008841412782326096,
uci,LSSboost/natural/exp/None,LSSboost,True,exp,None,,,,uci_LSSboost_natural_exp_None.csv,Protein Structure,3.796311890748683,0.05459940177264842,2.7037230141348685,0.023587745491938636,2.0040261997103355,0.04714104159215099,3.6281832930141475,0.1552316148542343,1.6241570933038123,0.10884734330827502,9.714433193206787,5237.312922239304,0.5821681807299222,0.010783024943641912,1.3645587281789713,0.03426281524886653,0.7340871859080267,0.022289651950302754,0.8936046982723067,0.019830120460022818,
uci,LSSboost/natural/exp/None,LSSboost,True,exp,None,,,,uci_LSSboost_natural_exp_None.csv,Boston Housing,3.162815485702633,0.7109742069794952,2.668783946275549,0.3603621428783783,1.6805046140743518,0.2763858221310658,2.871755407740146,0.3058672336303402,1.1912507936657943,0.0792340630709033,0.31091288328170774,1584.3348860740662,0.5431167307147622,0.1257295523450217,1.1316216263116572,0.16593475054836612,0.5893083775806323,0.15737558789509487,0.7546822448690172,0.13256815508440142,
uci,LSSboost/natural/exp/None,LSSboost,True,exp,None,,,,uci_LSSboost_natural_exp_None.csv,Energy Efficiency,0.6249698814177175,0.11835880948094132,0.8673881642035367,0.5074680809497196,0.3065233141978978,0.04712412502796409,0.5724312392487476,0.07064384707013988,0.2659079250508499,0.03901274460564243,0.9164025068283081,1668.618886232376,0.10247149487704263,0.024712096932873056,0.21823146757646042,0.031801673629684016,0.08251217794893159,0.015917871737559826,0.13440504680081156,0.021796677495061687,
uci,LSSboost/natural/exp/None,LSSboost,True,exp,None,,,,uci_LSSboost_natural_exp_None.csv,Combined Cycle Power Plant,3.3882246563903777,0.20629433864268654,2.685125114526664,0.13435257055871466,1.8067651053007363,0.08060026441740337,3.4053994133761356,0.12069436548809237,1.5986343080753986,0.08382406346002548,2.673244905471802,2383.4693052768707,0.5912307251661618,0.037257909830767114,1.2445496498992825,0.055294264027748986,0.570201700969398,0.029878108956974563,0.8019940253449475,0.03612517391089978,
uci,LSSboost/natural/exp/None,LSSboost,True,exp,None,,,,uci_LSSboost_natural_exp_None.csv,Concrete Compression Strength,4.7966418955476255,0.6851086147107266,3.2113444176527275,0.34163148662868403,2.5414540056630246,0.3816022842398235,4.262662654735642,0.38672423454954674,1.721208649072618,0.05389781586432202,0.8189548969268798,1988.9296131134033,0.878921461787774,0.21410285069569024,1.6987499973675344,0.22872391408438694,0.8559910164595909,0.16650257618025635,1.1445541585382997,0.18171218705042383,
uci,LSSboost/natural/exp/None,LSSboost,True,exp,None,,,,uci_LSSboost_natural_exp_None.csv,Kin8nm,0.18956031012463767,0.004268517175945758,-0.3270324991978498,0.02086571269948448,0.10535834748091348,0.002059304340893012,0.1986725573730473,0.0028007538804034303,0.09331420989213382,0.0012750463899353786,6.5637865424156185,2999.462985754013,0.03292393955139452,0.0008788927619270814,0.07610116154846125,0.0016348859498971431,0.027809951034638437,0.0007377359405066561,0.0456116840448314,0.0009116329064479638,
uci,LSSboost/natural/exp/None,LSSboost,True,exp,None,,,,uci_LSSboost_natural_exp_None.csv,Naval Propulsion,0.03793110340871296,0.00021291051601473256,-1.8791769169073498,0.005567217877244459,0.02272895465139086,0.00014731438329962138,0.04366957120048521,0.00023402493997753276,0.02094061654909435,9.89093194941653e-05,9.788067662715912,3683.068161725998,0.00854654997722419,4.4703442606241116e-05,0.018710900533259252,0.0001033398259788418,0.0010621897639204873,5.360382763132825e-06,0.009439880091467975,5.041278921491597e-05,
uci,LSSboost/natural/exp/None,LSSboost,True,exp,None,,,,uci_LSSboost_natural_exp_None.csv,Year Prediciton MSD,9.14378684095096,0.0,3.553265327974463,0.0,4.658243139151352,0.0,8.319975188914428,0.0,3.6617320497630765,0.0,205.7456316947937,86445.4153778553,1.8906174302139789,0.0,3.137635571839016,0.0,1.2495182209482543,0.0,2.092590407667083,0.0,
uci,LSSboost/natural/exp/None,LSSboost,True,exp,None,,,,uci_LSSboost_natural_exp_None_True_opt.csv,Year Prediciton MSD,9.228995200627478,0.0,8.622225222328048,0.0,5.682134319524762,0.0,7.0799335577918034,0.0,1.3977992382670414,0.0,371.5910654067993,88221.13458752632,2.323099136611564,0.0,3.383559946295399,0.0,2.3950975921964734,0.0,2.7005855583678122,0.0,
uci,LSSboost/natural/exp/None,LSSboost,True,exp,None,,,,uci_LSSboost_natural_exp_None_True_opt.csv,Year Prediciton MSD,9.143747878277829,0.0,3.5532505226746096,0.0,4.658186446156138,0.0,8.31991849125342,0.0,3.6617320450972812,0.0,205.7029767036438,87727.3340678215,1.890626130926395,0.0,3.1375909856390516,0.0,1.2495068263025764,0.0,2.0925746476226745,0.0,
uci,LSSboost/natural/exp/None,LSSboost,True,exp,None,,,,uci_LSSboost_natural_exp_None_True_opt.csv,Year Prediciton MSD,9.144223732930081,0.0,3.5532837655229117,0.0,4.658239564200073,0.0,8.319971611578456,0.0,3.6617320473783828,0.0,209.33296871185303,90991.07858657837,1.8906570963681681,0.0,3.1375840284658634,0.0,1.249663027286796,0.0,2.0926347173736093,0.0,
uci,LSSboost/natural/exp/None,LSSboost,True,exp,None,,,,uci_LSSboost_natural_exp_None_True_opt.csv,Boston Housing,3.6105667886976134,1.0518130890430106,2.8312110796689325,0.4754565681029245,1.8328915046079999,0.4168974446546853,3.0764002758802853,0.5397441345718453,1.243508771272285,0.1629866704214883,0.20005242824554442,573.0872263908386,0.5738691831817044,0.13631598658365263,1.223072634304271,0.24175680013815581,0.6829197056688148,0.22582564480000866,0.8266205077182633,0.19169029170013754,
uci,LSSboost/natural/exp/None,LSSboost,True,exp,None,,,,uci_LSSboost_natural_exp_None_True_opt.csv,Concrete Compression Strength,16.285660472437748,49.69326926698502,15.530085027143553,54.14357852901855,5.572388770068368,13.232537594681515,7.442437363912042,13.352344152356874,1.8700485938436735,0.15802578277512547,0.3470855951309204,1063.1569213867188,3.4146649718163373,11.084627140470753,3.251081381860087,6.737673412442594,1.300906108641911,1.9391188057007187,2.655550820772778,6.58544495649157,
uci,LSSboost/natural/exp/None,LSSboost,True,exp,None,,,,uci_LSSboost_natural_exp_None_True_opt.csv,Energy Efficiency,1.0249218417840515,0.34647967097173366,0.8545167680591739,0.15689023951606196,0.4214542310437346,0.0889085072479608,0.7775450673405946,0.1094235565839819,0.35609083629685995,0.03506372595279454,1.9743778347969054,1072.3722577095032,0.13762330035130638,0.043959388278997216,0.30138451690921536,0.05997382050359183,0.11187276491311193,0.024670921960345846,0.18362686072454454,0.039135379537579264,
uci,LSSboost/natural/exp/None,LSSboost,True,exp,None,,,,uci_LSSboost_natural_exp_None_True_opt.csv,Naval Propulsion,0.09724496386571199,0.0002041650850522182,-0.915296657728178,0.0020378220837932643,0.058770137107420795,0.0002067072603608561,0.11418923245403807,0.00025174440182695147,0.05541909534661725,0.00011881292026735291,4.025775825977325,5121.3340101242065,0.022412388831716954,3.936924969719904e-05,0.04848986698953623,0.0001003831238227316,0.003016442035902464,9.6437829901021e-06,0.024639565952385215,4.598918375447595e-05,
uci,LSSboost/natural/exp/None,LSSboost,True,exp,None,,,,uci_LSSboost_natural_exp_None_True_opt.csv,Kin8nm,0.21743955755371722,0.004384135672140262,-0.18066396367761342,0.024458504492041535,0.12242597528794037,0.002549616974262044,0.23310437194138825,0.003647267387752061,0.11067839665344792,0.0016789276894678413,7.40398530960083,6622.386968135834,0.04073283798886195,0.0009100514376792956,0.09081374946006768,0.0022054312234760748,0.024614151440904057,0.0007339202320135001,0.05205357962994456,0.0009491145428990724,
uci,LSSboost/natural/exp/None,LSSboost,True,exp,None,True,,,uci_LSSboost_natural_exp_None_std_True.csv,Boston Housing,5.426022676901286,1.3228844564222706,2.871740899252242,0.19959270221777206,2.6670251910346927,0.5412389733776046,5.2932244890551505,0.9345749061689389,2.626199298020458,0.47172210666764935,0.14703038930892945,867.1146850585938,0.6543016084297031,0.1272106462920858,1.8886311776965272,0.37664369628309285,0.9835433606408175,0.25688901731677083,1.1754920489223495,0.23677791871119952,
uci,LSSboost/natural/exp/None,LSSboost,True,exp,None,True,,,uci_LSSboost_natural_exp_None_std_True.csv,Energy Efficiency,1.8416390354719856,0.3935190366871227,1.4617166599648257,0.3541461909458261,0.7365117536764241,0.16529977310055868,1.3339713110875846,0.2518448239141078,0.5974595574111601,0.1222968654508885,0.27113139629364014,868.571863412857,0.26989951762690173,0.116716872406548,0.5126368641122595,0.09842041507510184,0.19025124267344712,0.03728819249004669,0.3242625414708694,0.07833039252181016,
uci,LSSboost/natural/exp/None,LSSboost,True,exp,None,True,,,uci_LSSboost_natural_exp_None_std_True.csv,Yacht Hydrodynamics,8.415802319896779,2.1025699914440996,1.560719910577162,0.31981326055559506,2.7770739233623183,0.8858784805405546,4.838274082707608,1.3376623107718475,2.0612001593452907,0.5557216953568632,0.1881342887878418,528.814058303833,0.7929011679374358,0.2311373588176453,1.9464605445246541,0.6120162984971292,0.9016347946509435,0.41946411530706973,1.2136655023710112,0.40673427043186866,
uci,LSSboost/natural/exp/None,LSSboost,True,exp,None,True,,,uci_LSSboost_natural_exp_None_std_True.csv,Concrete Compression Strength,6.164944512409097,0.744231261165845,3.3171773248599417,0.29890235985360725,3.307469771691943,0.3949246631340448,5.941808098886037,0.6444302335479397,2.6343383271940937,0.315951094995199,0.34366832971572875,1024.0999193191528,0.9863832869013887,0.10916914324746131,2.2916059133721545,0.28409764024815737,1.1136103568746214,0.19162168284262587,1.4638665190493882,0.17503774522268892,
uci,LSSboost/natural/exp/None,LSSboost,True,exp,None,True,,,uci_LSSboost_natural_exp_None_std_True.csv,Protein Structure,4.759215674117438,0.029589398958158954,2.901316120186488,0.008154962513534309,2.588085281952884,0.014989972645604333,4.888460102026263,0.028114693767041902,2.300374820073379,0.020194445586053936,1.7023579120635985,3517.966105699539,0.6480198399278809,0.004644017916110663,1.870026682101395,0.01438529841804171,0.89032790647751,0.009096211889310271,1.1361248095022618,0.006289065042060739,
uci,LSSboost/natural/exp/None,LSSboost,True,exp,None,True,,,uci_LSSboost_natural_exp_None_std_True.csv,Year Prediciton MSD,11.001989663145363,0.0,3.671441507167575,0.0,5.400086213994192,0.0,10.744854467153004,0.0,5.344768253158812,0.0,32.29760432243347,10470.353892326355,2.273648774208829,0.0,3.520851107915821,0.0,1.6420191983998365,0.0,2.4788396935081622,0.0,
uci,LSSboost/natural/exp/None,LSSboost,True,exp,None,True,,,uci_LSSboost_natural_exp_None_std_True.csv,Wine Quality Red,0.7032322369494893,0.050709974495820105,1.0640808877342915,0.09596081899230587,0.39255800907965954,0.030049898035951848,0.7325153896093878,0.04045505872000777,0.33995738052972824,0.021091378103497305,0.24030022621154784,1321.8030200004578,0.12017131564963153,0.015161056475915596,0.26560703068971636,0.023117117091908335,0.12105783457532274,0.00880841276516171,0.16894539363822353,0.0132363665553152,
uci,LSSboost/natural/exp/None,LSSboost,True,exp,None,True,,,uci_LSSboost_natural_exp_None_std_True.csv,Combined Cycle Power Plant,3.8168628673385063,0.24170833155391483,2.8427305155921734,0.16145066038785016,2.0469327468477294,0.12169382474069759,4.091584951263689,0.3894152046383218,2.04465220441596,0.2817027158334164,0.8433146476745605,3370.8118286132812,0.6516625643582612,0.03976383743328903,1.4129428782049516,0.08344754284377356,0.6657806723022517,0.05293890191562432,0.9101287049551547,0.05456789472758499,
uci,LSSboost/natural/exp/None,LSSboost,True,exp,None,True,,,uci_LSSboost_natural_exp_None_std_True.csv,Kin8nm,0.16821349278469075,0.0040526275340947914,-0.4307782846295323,0.033999765780932244,0.0920104713608723,0.002163287749482895,0.1640043127267003,0.0050596861548970464,0.07199384136582804,0.003789237455883829,0.9450152516365051,3305.0494878292084,0.029727743665591715,0.001138068279172126,0.06507079824506032,0.0015719511912053298,0.0260528610774469,0.0007525909417661889,0.04028380099603298,0.0009160498322905994,
uci,LSSboost/natural/exp/None,LSSboost,True,exp,None,True,,,uci_LSSboost_natural_exp_None_std_True.csv,Boston Housing,3.989790492780628,0.9172491704803507,2.6597726096119527,0.16209477419853974,2.0685687517419655,0.3116335128479173,4.002448398946707,0.5721856349483155,1.9338796472047424,0.31668878924342975,0.7397188067436218,949.5267932415009,0.5334651088364811,0.0841872126721699,1.4918252107208851,0.2160067110998462,0.7022941113107374,0.13705274096973388,0.9091948102893678,0.1380317266874551,
uci,LSSboost/natural/exp/None,LSSboost,True,exp,None,True,,,uci_LSSboost_natural_exp_None_std_True.csv,Yacht Hydrodynamics,5.949444807724219,1.6713969564626774,2.221819045374258,0.1763236034750714,2.315967887881597,0.648119400509047,4.318075389964003,1.1420409489796062,2.0021075020824055,0.5204303354900437,0.8114385962486267,572.6636474132538,0.4930765586699091,0.25060130725416924,1.7425635417199903,0.45801247387419725,0.6015849469177624,0.14976623243270235,0.9457416824358873,0.2701761863977938,
uci,LSSboost/natural/exp/None,LSSboost,True,exp,None,True,,,uci_LSSboost_natural_exp_None_std_True.csv,Protein Structure,4.1093226400946445,0.0767033869922274,2.7651324344836814,0.05573970070022534,2.1885028091949676,0.05521722622602467,4.112865392116128,0.14922695888104823,1.92436258292116,0.09439800417803858,10.317802095413208,3818.845062971115,0.5663144790367745,0.012421492631945833,1.5732934637225693,0.04573180435329449,0.7520123857146349,0.016262817247802035,0.9638734428246595,0.02408402766478523,
uci,LSSboost/natural/exp/None,LSSboost,True,exp,None,True,,,uci_LSSboost_natural_exp_None_std_True.csv,Wine Quality Red,0.6202557823198591,0.042796259304512016,0.9007338409027664,0.07592395445678857,0.34397807809558545,0.0226415544893414,0.6787448000859738,0.02830311588498585,0.3347667219903884,0.014159653100558103,0.6840667605400086,951.809140920639,0.10504624270670875,0.01010816671439453,0.2433978583663702,0.015616867819323935,0.1073973751181391,0.008917931132404484,0.15194715873040604,0.009950294949964699,
uci,LSSboost/natural/exp/None,LSSboost,True,exp,None,True,,,uci_LSSboost_natural_exp_None_std_True.csv,Concrete Compression Strength,6.445520269040584,0.7985979855995012,3.2319977689310107,0.18299859209745095,3.4805840281161124,0.3934042608436196,6.497511758936469,0.6342858001092543,3.0169277308203557,0.3477275606094389,1.884276270866394,1568.1514632701874,0.9227987519232463,0.16071713811173075,2.5170220687831373,0.2831453973428156,1.1125981094853528,0.17434470327889257,1.5174729767305788,0.18032328815836948,
uci,LSSboost/natural/exp/None,LSSboost,True,exp,None,True,,,uci_LSSboost_natural_exp_None_std_True.csv,Energy Efficiency,2.3456922531273627,0.3578352063376923,1.7761132591454136,0.12276561619390756,1.124121765924992,0.1611438265289821,2.1762330707656856,0.32119874744424204,1.0521113048406938,0.1705922205363689,1.5313681721687318,1662.6465208530426,0.23994701252687292,0.057337040293704844,0.8641808604896841,0.11645963263650749,0.31839117741671086,0.04922605416895968,0.47417301681108925,0.06902255798394882,
uci,LSSboost/natural/exp/None,LSSboost,True,exp,None,True,,,uci_LSSboost_natural_exp_None_std_True.csv,Combined Cycle Power Plant,4.1361823270650815,0.19238773869409911,2.8476973964674785,0.10959956410327173,2.2656814065766957,0.08571942566727885,4.226878011125658,0.1587373506280797,1.9611966045489624,0.09510243198057221,3.7985164523124695,2250.2375478744507,0.6734883849522293,0.04277811705077847,1.627909339067704,0.05707458470137168,0.6561739442137183,0.02629746777137468,0.9858572227445507,0.0378578686585774,
uci,LSSboost/natural/exp/None,LSSboost,True,exp,None,True,,,uci_LSSboost_natural_exp_None_std_True.csv,Naval Propulsion,0.0033939507239515894,7.381735890810677e-05,-4.515052218089901,0.023638884301753555,0.001794631719392426,3.896145045176673e-05,0.0034538742033156664,6.173163264851678e-05,0.0016592424839232405,2.7335432765546382e-05,3.5835463643074035,2474.416251182556,0.00037880531422482353,1.435932053453499e-05,0.0013829953519716518,3.077184859608141e-05,0.0005093325524403668,1.1963974807282922e-05,0.0007570444062122807,1.585177835069412e-05,
uci,LSSboost/natural/exp/None,LSSboost,True,exp,None,True,,,uci_LSSboost_natural_exp_None_std_True.csv,Kin8nm,0.15192931448915417,0.005803070367511986,-0.5281442628983328,0.03322909529218242,0.08462392558677391,0.003030220204502999,0.15323640357192053,0.00715992041077927,0.06861247798514664,0.004906248869808372,2.480303394794464,3187.056689977646,0.02697509619889512,0.0012570551630039692,0.0605293838515699,0.0021294914744786403,0.022906910419999392,0.0010195157426814347,0.03680379682348814,0.0013025758329797757,
uci,LSSboost/no_natural/exp/L2,LSSboost,False,exp,L2,,,,uci_LSSboost_no_natural_exp_L2.csv,Yacht Hydrodynamics,8.70786350459286,2.8405372340071775,0.8563694409949301,0.6286467714468698,2.5566441166451184,1.0674347234676627,3.9754011866631394,1.4613860502499012,1.4187570700180203,0.4243103444349761,2.8610557079315186,855.2915117740631,0.6640228040162862,0.23504069152229393,1.8110413550782585,0.7049224815246948,0.8866194755236974,0.5707495349637087,1.1205612115394143,0.4817887900322867,
uci,LSSboost/no_natural/exp/L2,LSSboost,False,exp,L2,,,,uci_LSSboost_no_natural_exp_L2.csv,Wine Quality Red,0.6484814671977673,0.03806011949635725,0.9673123365942036,0.08642829827523756,0.3559578507965607,0.019809610247560016,0.6778117832125964,0.026607225173999004,0.32185393241603566,0.016636846472798825,0.5002821087837219,1125.781260728836,0.11390169271536454,0.009461294527083323,0.24659399397671225,0.01366107016500983,0.11365238832301194,0.00870742625142999,0.1580493583383629,0.008783745609661765,
uci,LSSboost/no_natural/exp/L2,LSSboost,False,exp,L2,,,,uci_LSSboost_no_natural_exp_L2.csv,Protein Structure,4.290506884706459,0.15284137005158432,3.009396138086184,0.3066067785528985,2.2050500656703926,0.10918850987543795,4.228072198560835,0.32131379755612083,2.0230221328904423,0.2137241588070362,15.64303698539734,5180.641386985779,0.6085229998979153,0.029769549489162838,1.5397397788930303,0.08556100683801146,0.7754839962951805,0.023313403263705318,0.9745822583620418,0.04565609258427996,
uci,LSSboost/no_natural/exp/L2,LSSboost,False,exp,L2,,,,uci_LSSboost_no_natural_exp_L2.csv,Kin8nm,0.1119887081662434,0.003821563633162009,-0.842581127888509,0.02876405931469434,0.061206075261033055,0.001701821958520174,0.12886840583565443,0.003555918272309229,0.06766233057462136,0.0030268055233941397,6.518190169334412,1886.0748870372772,0.01982787519699979,0.0007082176275062037,0.04290061998905148,0.001437921879289898,0.018055818858846398,0.00047311067152269883,0.026928104681632557,0.0006751075942060151,
uci,LSSboost/no_natural/exp/L2,LSSboost,False,exp,L2,,,,uci_LSSboost_no_natural_exp_L2.csv,Boston Housing,5.4493458109028285,1.2275623253220522,2.8438159363180406,0.34749819084016337,2.375921965663794,0.4113963738792898,4.299894267692082,0.703839905767916,1.9239723020282877,0.3398539552463366,0.6366445183753967,2075.860336303711,0.7832102589232658,0.12014305478436459,1.7083655535006055,0.30443122306855663,0.622051058649893,0.16419543678617854,1.037875623691255,0.16921825811749894,
uci,LSSboost/no_natural/exp/L2,LSSboost,False,exp,L2,,,,uci_LSSboost_no_natural_exp_L2.csv,Energy Efficiency,0.7429775861617798,0.2584299985188265,1.2653273013229085,1.4147312640512388,0.3020098772400774,0.09726974200408296,0.6213689902049384,0.29186531059235715,0.31935911296486114,0.1985513895020897,1.6189928293228149,2232.8760797977448,0.1136106707759095,0.05467470610757366,0.2136660952208878,0.06563500506610911,0.0757521703358566,0.02627796124843635,0.13434297877755133,0.04695494235269042,
uci,LSSboost/no_natural/exp/L2,LSSboost,False,exp,L2,,,,uci_LSSboost_no_natural_exp_L2.csv,Naval Propulsion,0.008621113543780565,0.02188971710177481,-4.332438037990496,0.8829467019776949,0.004413068862483864,0.012405371037935698,0.00878773485254044,0.024460995083929703,0.004374665990056575,0.012064228947162364,6.797748053073883,2353.016215324402,0.0016678088350816412,0.00481100375021775,0.003261553066764074,0.00988665835220187,0.0008868291391700199,0.0014146949728835619,0.0019387303470052443,0.005369318418684361,
uci,LSSboost/no_natural/exp/L2,LSSboost,False,exp,L2,,,,uci_LSSboost_no_natural_exp_L2.csv,Concrete Compression Strength,7.961560683026261,1.1260338977092628,3.350524408036409,0.169327095650669,4.021201693972964,0.5435428630471544,7.445068680672328,0.9852527994121795,3.423866986699364,0.5228716276002336,2.214732992649078,2462.8136579990387,1.3727152125215019,0.18495575276586973,2.9165376691423903,0.4195077591101528,0.9720908598385252,0.18800582003316818,1.7537812471674723,0.22892091668712,
uci,LSSboost/no_natural/exp/L2,LSSboost,False,exp,L2,,,,uci_LSSboost_no_natural_exp_L2.csv,Combined Cycle Power Plant,4.786531264670198,1.503596046037595,2.9835965901884896,0.3307040118007148,2.593324927767143,0.9397026422804629,4.911089935216754,1.7957124720921571,2.3177650074496112,0.8595861908423443,7.9202393054962155,3463.3305475711823,0.8869870123286836,0.3614541294803488,1.8905623217416285,0.7871076734582313,0.6040533451861656,0.04739445056361888,1.1272008930854922,0.38829584714435983,
uci,LSSboost/no_natural/exp/L2,LSSboost,False,exp,L2,,,,uci_LSSboost_no_natural_exp_L2.csv,Year Prediciton MSD,9.516656447113327,0.0,3.4715358990386904,0.0,4.761637742976542,0.0,9.500165167463551,0.0,4.7385274244870095,0.0,586.4681067466736,91801.11240553856,1.8847189032023275,0.0,3.262244251239916,0.0,1.2220613772630458,0.0,2.1230081772350964,0.0,
uci,LSSboost/no_natural/exp/MAD,LSSboost,False,exp,MAD,,,,uci_LSSboost_no_natural_exp_MAD.csv,Yacht Hydrodynamics,4.007837343103697,1.3256097537611653,0.5444626398009071,0.7318580663630753,1.018556786901207,0.37323823230588216,1.8953204904190748,0.5920546317603471,0.8767637035178673,0.23156182289921348,0.39689127206802366,736.9618918895721,0.34469580656624454,0.10741411518045747,0.7732186444190239,0.28442986592478026,0.12914364649971694,0.07469179592366287,0.41568603249499514,0.1463138336454956,
uci,LSSboost/no_natural/exp/MAD,LSSboost,False,exp,MAD,,,,uci_LSSboost_no_natural_exp_MAD.csv,Wine Quality Red,0.6593216260367132,0.039459158749367666,0.9786643219584941,0.08370804972777068,0.3617678651779345,0.02256810875477305,0.6824901727035209,0.042280517332145745,0.3207223075255862,0.026597909970928448,0.4881519556045532,1073.2595193386078,0.11616121933436103,0.009339576727323733,0.25079779960215093,0.015999085676828076,0.11399531949993462,0.008321239733736423,0.16031811281214886,0.009819751899116233,
uci,LSSboost/no_natural/exp/MAD,LSSboost,False,exp,MAD,,,,uci_LSSboost_no_natural_exp_MAD.csv,Naval Propulsion,0.0009504211505643184,5.7502337464529614e-05,-5.736322346129004,0.039836250310959914,0.00046859051260836614,1.814774735608592e-05,0.0010129564317997162,4.17794113436804e-05,0.00054436591919135,2.9861253513309535e-05,4.0423561334609985,1176.787964105606,0.00015457733691423092,6.822521964560601e-06,0.0003172741062483266,1.2796331977444496e-05,0.0001525692154678028,7.517955599053015e-06,0.00020814021954345345,8.301180734263354e-06,
uci,LSSboost/no_natural/exp/MAD,LSSboost,False,exp,MAD,,,,uci_LSSboost_no_natural_exp_MAD.csv,Protein Structure,5.516013516909883,0.10072013883442765,3.0675176312454835,0.14135032130736508,2.8484884103799533,0.0297477331865154,5.485991877279587,0.07291770470413457,2.6375034668996338,0.051190727608628105,21.290989017486574,8051.7941172122955,0.8118006156229909,0.02088146703348178,2.0435962512824615,0.026852150396844784,0.8625643220528929,0.02149181452522244,1.2393203963194481,0.013399020461799986,
uci,LSSboost/no_natural/exp/MAD,LSSboost,False,exp,MAD,,,,uci_LSSboost_no_natural_exp_MAD.csv,Boston Housing,5.549775533379411,1.37862710516617,2.743388740309712,0.24625113132101228,2.4137300822675543,0.4627629964312693,4.371724813461631,0.8181985074504948,1.9579947311940764,0.4029409258601428,1.0647973418235779,2148.4706542491913,0.7855488047769729,0.1486641289476128,1.7320718827434618,0.34343632619338005,0.6267785143380719,0.17848268677350593,1.0481330672861688,0.1926418139818632,
uci,LSSboost/no_natural/exp/MAD,LSSboost,False,exp,MAD,,,,uci_LSSboost_no_natural_exp_MAD.csv,Energy Efficiency,0.6821008167854926,0.12960352933999492,1.0110890357332998,1.0813729148428508,0.2906044766913497,0.04037507417907978,0.5353103421138494,0.06948418270430555,0.24470586542249978,0.03936068666947801,2.210894429683685,2131.83723115921,0.09675438167539925,0.021412566323069038,0.20973038671666924,0.031946413010257406,0.0730819504340497,0.013732479267013833,0.12652223960870607,0.018826522776929658,
uci,LSSboost/no_natural/exp/MAD,LSSboost,False,exp,MAD,,,,uci_LSSboost_no_natural_exp_MAD.csv,Kin8nm,0.1374208247643939,0.0035084575864980194,-0.6223219880036283,0.036670736286804805,0.07516189730902158,0.001973186960611005,0.13803734210343904,0.006025260096140374,0.06287544479441746,0.00470938510152967,7.447168505191803,2137.4007906913757,0.025249917695117724,0.0008764486041105083,0.05335384173562885,0.001732479339343915,0.02003998721431654,0.0005864502116284115,0.0328812488816877,0.0008527549832178641,
uci,LSSboost/no_natural/exp/MAD,LSSboost,False,exp,MAD,,,,uci_LSSboost_no_natural_exp_MAD.csv,Concrete Compression Strength,9.26573918044121,1.4233167918737402,3.419378934249148,0.16026640133588047,4.659807623065425,0.7293350274142929,8.703759523256409,1.3646080014993813,4.043951900190982,0.6695091090698839,4.113638937473297,2598.6291151046753,1.603150645841796,0.2684200528918695,3.4479167614546418,0.5807662782476812,0.9551664429228562,0.14049879829989786,2.0020779500730983,0.2927932520261523,
uci,LSSboost/no_natural/exp/MAD,LSSboost,False,exp,MAD,,,,uci_LSSboost_no_natural_exp_MAD.csv,Combined Cycle Power Plant,3.8923407457100536,0.25650732901288736,2.786841722599684,0.1439127602902487,2.0577986923280696,0.1402266624282927,3.74178387527011,0.28034221517540725,1.6839851829420411,0.14726481936003782,7.672492909431457,3646.25612783432,0.6722046845078489,0.049907835491016225,1.4536562544325426,0.10366299935427874,0.5849255226922987,0.03818827055634231,0.9035954872108969,0.06105367729267564,
uci,LSSboost/no_natural/exp/MAD,LSSboost,False,exp,MAD,,,,uci_LSSboost_no_natural_exp_MAD.csv,Year Prediciton MSD,9.093262730874422,0.0,3.4318461694719544,0.0,4.5539742122826175,0.0,8.702613996184986,0.0,4.148639783902369,0.0,1047.9878301620483,89831.74577498436,1.775719963585061,0.0,3.1882445286567536,0.0,1.067169726650278,0.0,2.0103780729640306,0.0,
uci,LSSboost/no_natural/exp/None,LSSboost,False,exp,None,,,,uci_LSSboost_no_natural_exp_None.csv,Yacht Hydrodynamics,2.0604421622799185,0.7362341800773633,0.1988435113587928,0.3026704159230135,0.6105276942809039,0.23912958737729015,1.0926978754285188,0.388242002369443,0.482170181147615,0.15691080876144214,0.5605435013771057,612.5467803478241,0.1899581730890515,0.06522921759478997,0.44631707076776417,0.17312469305623754,0.12571000990903908,0.07924284214223327,0.25399508458861825,0.09986003889090497,
uci,LSSboost/no_natural/exp/None,LSSboost,False,exp,None,,,,uci_LSSboost_no_natural_exp_None.csv,Wine Quality Red,0.6390656100972375,0.03692356952321166,0.9278971014472134,0.07522631927765058,0.3503938922270859,0.02070024961284121,0.6743557534226421,0.03289361285472071,0.32396186119555614,0.022112415960765262,0.2018574833869934,865.218832731247,0.11258891334201074,0.009254941953233923,0.2425203670561314,0.01412862972803701,0.1092140657949355,0.009491686517628902,0.15477444873102592,0.009368484129341987,
uci,LSSboost/no_natural/exp/None,LSSboost,False,exp,None,,,,uci_LSSboost_no_natural_exp_None.csv,Protein Structure,4.280962053932522,0.06704647540083204,3.037468393734193,0.21744000185571427,2.2204767349144796,0.05457772574262947,4.115860976987792,0.1632661336374092,1.8953842420733125,0.11100359255923138,5.320985174179077,4924.668335914612,0.5971023651583697,0.011252606918838316,1.5592793810131251,0.04934763434011297,0.7837581737200697,0.01094136508136171,0.9800466399638548,0.02254006132138117,
uci,LSSboost/no_natural/exp/None,LSSboost,False,exp,None,,,,uci_LSSboost_no_natural_exp_None.csv,Boston Housing,3.5898935839507344,0.9514906578943343,2.565184556215934,0.19381824452040455,1.8031157130531006,0.31558304595390346,3.2613072968955947,0.3902753787363903,1.4581915838424933,0.10674204554045132,0.3204375743865967,1453.2395701408386,0.5505505374758601,0.09920547625202954,1.2336625929907254,0.19563471345517602,0.6221014348458254,0.17922420125900765,0.8021048551041371,0.14369134577871262,
uci,LSSboost/no_natural/exp/None,LSSboost,False,exp,None,,,,uci_LSSboost_no_natural_exp_None.csv,Energy Efficiency,0.7249325473865799,0.1284812753818118,1.1376173307518689,1.3445994464025426,0.32134030628099197,0.05731064367892067,0.6170902097606917,0.12347238914019182,0.29574990347969976,0.07299770220237338,0.8836279392242432,1671.6978244781494,0.10552538687275181,0.026854142980462122,0.2320951436327649,0.04110987341345335,0.081168938115849,0.015152457982729444,0.13959648954045523,0.023934133271238195,
uci,LSSboost/no_natural/exp/None,LSSboost,False,exp,None,,,,uci_LSSboost_no_natural_exp_None.csv,Combined Cycle Power Plant,3.5833490165149042,0.19104678650554663,2.6677925714047985,0.08408831875675098,1.8990130862549184,0.0785453920355243,3.718178290226512,0.2009387665823669,1.8191652039715938,0.13997354439433404,2.3733247041702272,1723.5411822795868,0.6351333069390643,0.04142372304290808,1.3249953366461966,0.05514316127578833,0.5555410451430732,0.022841312621481046,0.8385565629094446,0.03681905955811193,
uci,LSSboost/no_natural/exp/None,LSSboost,False,exp,None,,,,uci_LSSboost_no_natural_exp_None.csv,Concrete Compression Strength,5.744233517245127,0.7320857520955976,3.1931236401350436,0.3708906643186922,2.9885442580107338,0.35151718936381315,5.315637585522,0.4897569042640226,2.327093327511266,0.24730063530497148,6.198477697372437,1879.7630586624146,0.930318727274434,0.12483639646461009,2.0722824466361263,0.23258720442993602,0.977664380225199,0.18603555896932714,1.3267551847119194,0.16401250474029416,
uci,LSSboost/no_natural/exp/None,LSSboost,False,exp,None,,,,uci_LSSboost_no_natural_exp_None.csv,Kin8nm,0.1612765127174443,0.006710908077015335,-0.5145773067445842,0.034619320681377394,0.08697447622164373,0.003122026505195966,0.15755285477569833,0.005546577703268448,0.07057837855405456,0.0026889344005853653,8.011388468742371,2663.768636226654,0.028468570792765553,0.001118988728089081,0.0620080269278836,0.0023467539577535414,0.023357475111633136,0.0010004992743569364,0.0379446909440941,0.0013560365824917965,
uci,LSSboost/no_natural/exp/None,LSSboost,False,exp,None,,,,uci_LSSboost_no_natural_exp_None.csv,Naval Propulsion,0.0014578499666992538,7.819870322051667e-05,-5.5777358777278785,0.03858929023751951,0.0006253263480523433,2.4241215028701483e-05,0.001128343753991834,3.841662504001598e-05,0.0005030174059394908,1.7248002437045775e-05,6.4509407639503475,2708.768857240677,0.0002058826600455443,1.051035563642887e-05,0.00044426495324436136,1.644070107799178e-05,0.0001688490521750186,9.342449679889492e-06,0.0002729988884883081,1.1186202648485833e-05,
uci,LSSboost/no_natural/exp/None,LSSboost,False,exp,None,,,,uci_LSSboost_no_natural_exp_None.csv,Year Prediciton MSD,9.003776606127555,0.0,3.416456045803027,0.0,4.4532533052865375,0.0,8.560569769405996,0.0,4.107316464119458,0.0,261.72472739219666,88706.42087769508,1.7829127784463248,0.0,3.076018707246427,0.0,1.0768852394234585,0.0,1.9786055750387368,0.0,
uci,LSSboost/no_natural/exp/None,LSSboost,False,exp,None,,,,uci_LSSboost_no_natural_exp_None_True_opt.csv,Boston Housing,4.110965888849887,1.1163870838550398,2.760081446474433,0.36707129158868396,1.994503006970589,0.4189797993196362,3.5318792729050914,0.4913859690288558,1.5373762659345016,0.1424213730544156,0.45388362407684324,668.5149400234222,0.6205766640637556,0.12745079278985944,1.346963602655074,0.2691266313402635,0.711898555811808,0.24189079272804082,0.8931462741768792,0.19366910165209308,
uci,LSSboost/no_natural/exp/None,LSSboost,False,exp,None,,,,uci_LSSboost_no_natural_exp_None_True_opt.csv,Concrete Compression Strength,5.953042600175148,0.6542294570859604,3.3142711262921978,0.3847793271612246,3.1503259097696796,0.3596377073732286,5.655351056604949,0.5606125590660268,2.505025146835269,0.26141125760639183,0.5158824443817138,838.8701765537262,0.9652936832519489,0.1249459760606696,2.1962472573272627,0.26473496851235073,0.9945300451893662,0.15683423911284766,1.3853569952561924,0.15873158835890233,
uci,LSSboost/no_natural/exp/None,LSSboost,False,exp,None,,,,uci_LSSboost_no_natural_exp_None_True_opt.csv,Energy Efficiency,1.9078741148583664,0.47891941720558645,1.7545226808699774,1.298570680174348,0.7728325364046157,0.25198111963939246,1.4301504284525817,0.459154829874356,0.6573178920479658,0.21055637120139947,0.7668824315071106,1310.026028394699,0.207806619184811,0.08576659520003319,0.5797467003933794,0.18805983402792933,0.1928168843860548,0.055977664861079406,0.3267900679880818,0.10559089394421427,
uci,LSSboost/no_natural/exp/None,LSSboost,False,exp,None,,,,uci_LSSboost_no_natural_exp_None_True_opt.csv,Kin8nm,0.1835733250746621,0.007649792141508347,-0.2932217132478693,0.07745405302230948,0.10227974358329009,0.0043812558255795315,0.2035397990803441,0.009171062340132485,0.10126005549705401,0.005176180199443036,5.468536388874054,4968.749243021011,0.03544960064589887,0.0017990822381361063,0.07469932105611768,0.003348224721484205,0.02286668482523363,0.001379625308999506,0.044338535509083385,0.0018132882732865563,
uci,LSSboost/no_natural/exp/None,LSSboost,False,exp,None,,,,uci_LSSboost_no_natural_exp_None_True_opt.csv,Naval Propulsion,0.0015709030519314286,0.00020039843684465606,-5.486993434520814,0.06805524481056915,0.0006938985713457347,6.691301837244926e-05,0.001262049318509592,0.00011535077135022375,0.0005681507471638573,5.026781886055243e-05,6.518094623088837,5284.98846578598,0.00022382821013760087,2.0706575633941858e-05,0.000495605341376922,5.0706479149661786e-05,0.00018567295111688602,1.6988599348780445e-05,0.0003017021675438029,2.8424146392819654e-05,
uci,LSSboost/no_natural/exp/None,LSSboost,False,exp,None,False,,,uci_LSSboost_no_natural_exp_None_std_False_n_est_2000.csv,Yacht Hydrodynamics,14.82589601318929,3.0629488561307823,10.024279672913998,16.787170165796166,8.295322742830358,1.6776515662266613,14.325937066844753,2.3215632799289274,6.030614324014396,2.8269430653326997,0.28303366899490356,1149.0526794791222,1.753129357033885,0.4094139786616532,5.493899118423462,0.7128190776845993,4.497655062024603,1.8351923027152948,3.9148945124939836,0.8626166006503295,
uci,LSSboost/no_natural/exp/None,LSSboost,False,exp,None,False,,,uci_LSSboost_no_natural_exp_None_std_False_n_est_2000.csv,Boston Housing,3.750883275322881,1.1038151006980401,2.593382270265813,0.2370768888609175,1.8674874085092306,0.3904220328580677,3.3940695849085136,0.49948546636913216,1.5265821763992835,0.1611283803808748,0.20725880861282348,1338.400745177269,0.5626365430429552,0.10078014041285752,1.28319869780073,0.2501073666686207,0.6455436532283347,0.2171514501981108,0.8304596313573398,0.17906708832218318,
uci,LSSboost/no_natural/exp/None,LSSboost,False,exp,None,False,,,uci_LSSboost_no_natural_exp_None_std_False_n_est_2000.csv,Protein Structure,4.308807457240511,0.03144008156662805,3.0336311326172334,0.38899970892827124,2.2357639660702757,0.025688640738804912,4.149853057870042,0.0498955985757219,1.9140890917997666,0.0334310279034381,1.7290590286254883,11287.475883102417,0.6049240192300521,0.00800128279805092,1.5725892160262265,0.021481489844994654,0.7829911980972842,0.007823577087894008,0.9868348111178543,0.010808344583858502,
uci,LSSboost/no_natural/exp/None,LSSboost,False,exp,None,False,,,uci_LSSboost_no_natural_exp_None_std_False_n_est_2000.csv,Combined Cycle Power Plant,3.4830843644027096,0.21035090445504367,2.6515807604118495,0.09946654692774828,1.8491270732553915,0.08167871588211946,3.6432667213984162,0.22346985768349376,1.7941396481430238,0.15886960588068855,0.7467864513397217,3305.820001292229,0.6364215392776252,0.05113990427303156,1.2910172752771012,0.05653386483308263,0.5238739044219756,0.023912427154082372,0.8171042396589006,0.036835558331256395,
uci,LSSboost/no_natural/exp/None,LSSboost,False,exp,None,False,,,uci_LSSboost_no_natural_exp_None_std_False_n_est_2000.csv,Year Prediciton MSD,10.242623055791903,0.0,3.604878149380275,0.0,5.204583490784124,0.0,11.271739117279314,0.0,6.06715562649519,0.0,1130.9733436107635,91833.36717748642,2.069843999612903,0.0,3.4173219161325576,0.0,1.6378871485409954,0.0,2.3750176880954856,0.0,
uci,LSSboost/no_natural/exp/None,LSSboost,False,exp,None,True,,,uci_LSSboost_no_natural_exp_None_std_True.csv,Boston Housing,4.973282560199239,1.0493763749375815,2.7507442628026277,0.18171448494409703,2.3917945242052268,0.4186420385250734,4.531157789129151,0.7365065456522324,2.1393632649239245,0.3652013479465324,0.45836989879608153,951.5459344387054,0.5858165504477999,0.08704573624147639,1.7422884294098497,0.2946391340919196,0.7913767912378357,0.19788465555937873,1.0398272570318285,0.17668230293887136,
uci,LSSboost/no_natural/exp/None,LSSboost,False,exp,None,True,,,uci_LSSboost_no_natural_exp_None_std_True.csv,Energy Efficiency,3.9917044807372655,0.6255576678713998,1.7215965492154335,0.49477286964250283,1.5345209343135213,0.2877792641515285,2.87680692134892,0.5699035612073751,1.3422859870353983,0.2846714059145105,0.8352138638496399,1039.2199335098267,0.4816722767840912,0.11826866755855114,1.2025526948978373,0.23420963428664504,0.23489432798659227,0.03923410036207348,0.6397064332228404,0.12465782995421672,
uci,LSSboost/no_natural/exp/None,LSSboost,False,exp,None,True,,,uci_LSSboost_no_natural_exp_None_std_True.csv,Concrete Compression Strength,6.412199823284911,0.7418450373278057,3.3376294013912107,0.32664230054417015,3.3441208570138046,0.37650349320598325,6.1298682813139065,0.5602155607353866,2.785747424300102,0.2763517088875266,0.7872218608856201,1227.3616325855255,1.0174992552841555,0.13963237688173308,2.3658941322021487,0.26914242193874593,1.0160333015610103,0.17397529874421933,1.4664755630157715,0.17075967050621704,
uci,LSSboost/no_natural/exp/None,LSSboost,False,exp,None,True,,,uci_LSSboost_no_natural_exp_None_std_True.csv,Protein Structure,4.414572475152935,0.1298530624004497,2.9462196813073405,0.19085183087964225,2.3172896635170495,0.10666241344297855,4.438280542797687,0.29019997943398557,2.120990879280638,0.18372676411037825,4.82854814529419,2778.898281812668,0.616949633288258,0.022464005305855784,1.6551370978285547,0.0891368247242045,0.7897500230595466,0.025937643298086444,1.0206122513921199,0.04561417655587822,
uci,LSSboost/no_natural/exp/None,LSSboost,False,exp,None,True,,,uci_LSSboost_no_natural_exp_None_std_True.csv,Wine Quality Red,0.6398224117351601,0.042789402990082936,0.9411377502897246,0.06994080942907029,0.3547542995661071,0.02235637008330041,0.6860268588208682,0.029047763057306508,0.33127255925476107,0.012436055526662087,0.5606603622436523,946.4200873374939,0.10875604475797451,0.011560876952719104,0.2510673986375332,0.015459648817660137,0.11146931943543018,0.009072485990890963,0.15709758761031262,0.010190000925930778,
uci,LSSboost/no_natural/exp/None,LSSboost,False,exp,None,True,,,uci_LSSboost_no_natural_exp_None_std_True.csv,Yacht Hydrodynamics,7.475663910078408,3.1030615669958297,0.5733546568744451,0.5707642022606995,1.7558206144869046,0.9462184498170162,3.2139464187554103,1.727664363312502,1.4581258042685057,0.78469486071001,0.5071641206741333,859.6803257465363,0.6172551873907375,0.33725493171001386,1.4056007142374591,0.7453551703535461,0.12123336802108012,0.05498878755649249,0.7146964232164257,0.3739380759318293,
uci,LSSboost/no_natural/exp/None,LSSboost,False,exp,None,True,,,uci_LSSboost_no_natural_exp_None_std_True.csv,Kin8nm,0.15334436733085025,0.005782748029651059,-0.5587847269422339,0.048647992849498424,0.08228177266603749,0.0029844489339014087,0.14725925273335833,0.005364629796422487,0.06497748006732082,0.002846037218374742,1.528459119796753,1704.7858364582062,0.02636179095695778,0.001080608649447988,0.058312961236704444,0.0021582525684239384,0.0230766211691031,0.0013383797611504593,0.035917124454255114,0.001250385999363032,
uci,LSSboost/no_natural/exp/None,LSSboost,False,exp,None,True,,,uci_LSSboost_no_natural_exp_None_std_True.csv,Combined Cycle Power Plant,3.863673662815085,0.26741550643067985,2.805241715658358,0.19701499451258833,2.0712310760853314,0.14702293655501378,4.037420861240636,0.4444648534701831,1.9661897851553043,0.3095074487579905,1.3984203219413758,1477.258983373642,0.6362179087149865,0.04530435751767595,1.4613868553616036,0.10883690465110969,0.6357444468415224,0.05203251794769975,0.911116403639371,0.06516658296282485,
uci,LSSboost/no_natural/exp/None,LSSboost,False,exp,None,True,,,uci_LSSboost_no_natural_exp_None_std_True.csv,Naval Propulsion,0.002454246109886739,0.00011484180919957033,-5.26327914006032,0.0395356948839536,0.0009998325357136208,3.7721450118710297e-05,0.001878574829777774,7.025051908990962e-05,0.0008787422940641533,3.4330825258644006e-05,3.756525421142578,2462.0649065971375,0.0002499583013865987,1.3874572461318883e-05,0.000742821376641462,2.9050849859150157e-05,0.00028615323220871714,1.3996773155137083e-05,0.000426310970078926,1.6118490153892772e-05,
uci,LSSboost/no_natural/exp/None,LSSboost,False,exp,None,True,,,uci_LSSboost_no_natural_exp_None_std_True.csv,Boston Housing,4.951680206816432,1.0592483851821013,2.741537369251951,0.1863019018660514,2.382089095427715,0.421684370864089,4.4954616975154025,0.7312704427659414,2.1133726020876864,0.35301064136878124,0.3893126368522644,535.501193523407,0.5853633027618613,0.0870021383550685,1.7345616069494512,0.2961632786062276,0.786985896301115,0.19734786423372153,1.0356369353374757,0.17839956400390108,
uci,LSSboost/no_natural/exp/None,LSSboost,False,exp,None,True,,,uci_LSSboost_no_natural_exp_None_std_True.csv,Yacht Hydrodynamics,7.4757466040962814,3.1028395244914977,0.5629853057380454,0.5853072355069165,1.7560006062758178,0.9459930696471527,3.214236041240331,1.7269628839936149,1.4582354349645132,0.7842141513723059,0.5684865713119507,1026.0577342510223,0.6170339932407691,0.33758814002599896,1.4057659513873435,0.7450850960082118,0.12119819204190567,0.054923613126200026,0.7146660455566728,0.3739499055408298,
uci,LSSboost/no_natural/exp/None,LSSboost,False,exp,None,True,,,uci_LSSboost_no_natural_exp_None_std_True.csv,Protein Structure,4.430506366412308,0.13681382778254805,2.9540835393667075,0.184899161344675,2.3435109553544633,0.11956206185441125,4.526397247081581,0.33527415313994224,2.182886291727119,0.21603151075497937,5.971188259124756,3818.812012910843,0.6187283044810862,0.02325269259513605,1.6815915181280303,0.10371896186807063,0.7952075126544781,0.028011871895840115,1.031842445087865,0.05129561096378346,
uci,LSSboost/no_natural/exp/None,LSSboost,False,exp,None,True,,,uci_LSSboost_no_natural_exp_None_std_True.csv,Energy Efficiency,3.9924396440874412,0.6249933823902191,1.721957310752408,0.4941375180228887,1.5345899453983853,0.28745710176290573,2.876857223111994,0.5685821895637179,1.342267277713609,0.2836594553107692,0.949877941608429,1093.2027332782745,0.4816523011112608,0.11787315671568548,1.2027461396824228,0.23395754723433138,0.2347858117134558,0.03895736578156721,0.6397280841690466,0.12435685451922453,
uci,LSSboost/no_natural/exp/None,LSSboost,False,exp,None,True,,,uci_LSSboost_no_natural_exp_None_std_True.csv,Concrete Compression Strength,6.406747951724688,0.7440075946617465,3.335023664947207,0.3260764843295205,3.3409495830573688,0.37628997726247154,6.126959753910262,0.5598530840854283,2.7860101708528924,0.27611852772261186,0.8152373194694519,1221.285401582718,1.0174982301755384,0.13984647923506888,2.364033726159822,0.2691636874538421,1.0147115304577103,0.17340157481813873,1.4654144955976902,0.17097793364933753,
uci,LSSboost/no_natural/exp/None,LSSboost,False,exp,None,True,,,uci_LSSboost_no_natural_exp_None_std_True.csv,Wine Quality Red,0.6398061621508713,0.04309568787604261,0.9429695966924767,0.07194624483802858,0.3548251135548265,0.022423139194390793,0.6856110839462582,0.02977838519025782,0.33078597039143176,0.012307580604771357,0.6238148808479309,1439.184751033783,0.10892500047019729,0.011588172025496517,0.25096434690058234,0.015704665315541023,0.1116016690270715,0.008954280571262834,0.15716367213261703,0.010199145675626159,
uci,LSSboost/no_natural/exp/None,LSSboost,False,exp,None,True,,,uci_LSSboost_no_natural_exp_None_std_True.csv,Combined Cycle Power Plant,3.8625599828152857,0.2665211667388088,2.8052817605781764,0.19713462457558745,2.070522773431952,0.14666335858507423,4.034753211074619,0.4450220775228186,1.964230437642668,0.31053529513639216,1.65045565366745,2355.164061307907,0.6362353897877646,0.04522229330172605,1.4607758743142631,0.1086884960428744,0.6355863098737773,0.05201991372028869,0.910865857991935,0.06503244290559577,
uci,LSSboost/no_natural/exp/None,LSSboost,False,exp,None,True,,,uci_LSSboost_no_natural_exp_None_std_True.csv,Kin8nm,0.15334498356581255,0.00578107673684924,-0.5588122141119279,0.048633704751196535,0.08228195598075917,0.002983478068346246,0.14725823267926144,0.005363554589085787,0.06497627669850228,0.0028458509276367925,1.8497292518615722,2716.9090325832367,0.026362399154825543,0.0010806214451970421,0.058313312137217355,0.0021574976236147887,0.023076267241781714,0.0013379209118131057,0.035917326177941536,0.0012498521975346931,
uci,LSSboost/no_natural/exp/None,LSSboost,False,exp,None,True,,,uci_LSSboost_no_natural_exp_None_std_True.csv,Naval Propulsion,0.0024537245381110032,0.00011412113433620451,-5.263425807076001,0.0391166297715541,0.0009997866470965872,3.76251503303409e-05,0.001878476002953669,7.002066045461827e-05,0.0008786893558570819,3.420565202618407e-05,4.807353961467743,4023.815813302994,0.0002499925844773034,1.3968847016979917e-05,0.0007428563974229447,2.9098146622058636e-05,0.00028600553107955434,1.3815532730828537e-05,0.00042628483765993407,1.606785869832069e-05,
uci,XGBoostLSS/no_natural/exp/None,XGBoostLSS,False,exp,None,False,,,uci_XGBoostLSS_no_natural_exp_None_None_clip_std_False_n_est_200_seed3.csv,Kin8nm,0.16351531976450254,0.006393792121457711,-0.4535626848881461,0.05186617115752695,0.09100417814645576,0.004147281162871889,0.16747389695575207,0.009047247501268446,0.07646971880929634,0.0052314112273424114,1.5115715861320496,631.6144493699073,0.029762202162558888,0.001797154683658405,0.06511691384268478,0.0030481526237867733,0.023913611018441576,0.0008440841150260961,0.03959757567456175,0.0017691096628216195,
uci,XGBoostLSS/no_natural/exp/None,XGBoostLSS,False,exp,None,False,,,uci_XGBoostLSS_no_natural_exp_None_None_clip_std_False_n_est_200_seed4.csv,Naval Propulsion,0.0017815565001358894,0.00017462066517555985,7.1146826917328765,5.249727951020866,0.000663795992895969,3.546591254619036e-05,0.0011841130675850574,6.897951322113076e-05,0.0005203170746890884,3.6798257932489876e-05,3.0991717338562013,274.85380454063414,0.0002029119440235514,9.0939421083354e-06,0.00047225035797720535,2.8963739074195213e-05,0.00019927092123623447,1.1244519790879463e-05,0.0002914777410789971,1.5219891693599804e-05,
uci,XGBoostLSS/no_natural/exp/None,XGBoostLSS,False,exp,None,False,,,uci_XGBoostLSS_no_natural_exp_None_None_clip_std_False_n_est_200_seed5.csv,Combined Cycle Power Plant,4.133229021050499,0.4734024323849355,2.8941263895872784,0.30844309289386396,2.176027008246142,0.203191397805431,4.055103446768401,0.4174589434340619,1.8790764385222585,0.22036002473736319,0.763041353225708,212.60330245494842,0.6708643201951765,0.07261880719778221,1.5602565385106966,0.1660480051967432,0.6177515836817232,0.02800628253921365,0.9496241474625318,0.08551359454543071,
uci,XGBoostLSS/no_natural/exp/None,XGBoostLSS,False,exp,None,False,,,uci_XGBoostLSS_no_natural_exp_None_None_clip_std_False_n_est_200_seed6.csv,Protein Structure,4.810869308398429,0.09860143876148676,2.8770779436994003,0.02804188576825938,2.607114468802616,0.055085380542351896,5.0804234111658655,0.10916750763445514,2.473308942363251,0.0543638796145691,1.5241397380828858,697.0960067749023,0.664114206279125,0.009690686852206112,1.8868210740285658,0.04175161461434032,0.8726054242757904,0.01926973500558223,1.1411802348611604,0.021040072436684047,
uci,XGBoostLSS/no_natural/exp/None,XGBoostLSS,False,exp,None,False,,,uci_XGBoostLSS_no_natural_exp_None_None_clip_std_False_n_est_200_seed9.csv,Year Prediciton MSD,9.387491880685607,0.0,3.4917283439389664,0.0,4.7290002879132516,0.0,9.382913481200184,0.0,4.653913193286932,0.0,23.625941514968872,5695.480668783188,1.926965534790285,0.0,3.2406765899513386,0.0,1.173676696668877,0.0,2.113772940470167,0.0,
uci,XGLSSboost/natural/exp/L2,XGLSSboost,True,exp,L2,,,,uci_XGLSSboost_natural_exp_L2.csv,Yacht Hydrodynamics,10.420986974777584,2.5817968179250896,3.5127977573714944,0.519884879918627,6.831534566092635,2.9392344399831254,18.366540552665267,9.89579701227877,11.535005986572632,6.985118931715165,2.018124556541443,1279.5355124473572,3.3621583711960854,1.7168568877025343,3.07844636241611,0.7381324287327661,2.567050783165348,1.6506094820957975,3.0025518389258474,1.2945204208491548,
uci,XGLSSboost/natural/exp/L2,XGLSSboost,True,exp,L2,,,,uci_XGLSSboost_natural_exp_L2.csv,Energy Efficiency,0.3457885898109142,0.0718363111466734,0.6143618350658924,0.8654086966482388,0.17439489592904925,0.024171049667969593,0.34078619587632747,0.06120274739090387,0.16639129994727828,0.048425668852977,3.8077285528182983,1258.1724650859833,0.05970045350782875,0.01274125898505884,0.11767352180852517,0.015404675091102531,0.058052822508161975,0.015266675140489088,0.07847559927483864,0.01136188462329779,
uci,XGLSSboost/natural/exp/L2,XGLSSboost,True,exp,L2,,,,uci_XGLSSboost_natural_exp_L2.csv,Wine Quality Red,0.6315526091510171,0.03368193428184297,0.9356493467204837,0.06672694179022923,0.3489962643279057,0.018941580537928264,0.665874908936971,0.024809467133241364,0.3168786446090654,0.01681960046288914,1.5229694604873658,1328.375521659851,0.11164125755639054,0.00957409959819693,0.24098244145512587,0.012834041039503731,0.1102876077635447,0.0074746479319690775,0.15430376892502035,0.008316990189390533,
uci,XGLSSboost/natural/exp/L2,XGLSSboost,True,exp,L2,,,,uci_XGLSSboost_natural_exp_L2.csv,Boston Housing,4.722848251272633,1.172882859456363,2.8210788996016625,0.18127059074149385,2.281621555461508,0.44354184865058,4.230194895414733,0.7601117167259168,1.948573339953225,0.36053475189617434,1.2419777274131776,1488.5812046527863,0.7743525583791775,0.1508100304172999,1.5980103092100106,0.3594746574188717,0.6644607387910748,0.16052380286376158,1.0122745354600877,0.18834067710481972,
uci,XGLSSboost/natural/exp/L2,XGLSSboost,True,exp,L2,,,,uci_XGLSSboost_natural_exp_L2.csv,Concrete Compression Strength,7.3768438526808,1.789458819866892,3.4076285213563695,0.287495706636861,3.782154947760828,0.8545516737194488,7.029859294803371,1.6533226261031653,3.247704347042545,0.819342760847792,2.188123631477356,1583.1281945705414,1.3227464693994289,0.3108967554683733,2.7746701686049176,0.6773286956354864,0.8485148621452974,0.14518650383406362,1.6486438333832147,0.3421958780544477,
uci,XGLSSboost/natural/exp/L2,XGLSSboost,True,exp,L2,,,,uci_XGLSSboost_natural_exp_L2.csv,Naval Propulsion,0.0011044611414061524,9.160828011531223e-05,-5.589234768332647,0.028745454368376715,0.0005541129554298309,2.441897219764084e-05,0.00124652663682187,8.411601124873677e-05,0.0006924136813920389,6.644276161117006e-05,13.592719161510468,2348.754387140274,0.00018509150679361957,1.2717811883310945e-05,0.0003658391761859729,1.5079298395502408e-05,0.00018775744583724848,1.1353568772847655e-05,0.0002462293762722803,1.098654090094735e-05,
uci,XGLSSboost/natural/exp/L2,XGLSSboost,True,exp,L2,,,,uci_XGLSSboost_natural_exp_L2.csv,Combined Cycle Power Plant,3.8492792526856427,0.21942313262828192,2.808535196078853,0.09069175249477202,2.078988267738235,0.11034543781444173,4.018908243825026,0.2236089342452221,1.939919976086791,0.12425738808954555,5.218437910079956,3464.9155220985413,0.7173838556938527,0.04541679755253191,1.4518672278074385,0.08179570335002917,0.5870756964970083,0.022982692096390988,0.9187755933327667,0.045635125968852844,
uci,XGLSSboost/natural/exp/L2,XGLSSboost,True,exp,L2,,,,uci_XGLSSboost_natural_exp_L2.csv,Kin8nm,0.1069005290961909,0.002959159126268349,-0.8836350847805114,0.021433365454616295,0.059042310498745,0.0015192523798726522,0.11702341917634274,0.0020332915260738017,0.057981108677597724,0.001415481166862502,17.499681615829466,4261.0938131809235,0.019372175234754284,0.0005413075642800847,0.04158472528871487,0.0012471335322148745,0.01660651252760869,0.0004408783565335753,0.025854471017025944,0.000641505965037568,
uci,XGLSSboost/natural/exp/L2,XGLSSboost,True,exp,L2,,,,uci_XGLSSboost_natural_exp_L2.csv,Protein Structure,4.129415399486692,0.05307736252430546,2.777819462257153,0.14617313907218096,2.1266777294388484,0.029388072394565937,4.055713238372237,0.0964628790329441,1.929035508933389,0.07235918382705304,4.6364748001098635,8739.499788761139,0.5893147698839014,0.010652895311681143,1.4994598646264041,0.01998884280092319,0.7241300817038789,0.011222457295721702,0.9376349054047282,0.012656972566155437,
uci,XGLSSboost/natural/exp/L2,XGLSSboost,True,exp,L2,,,,uci_XGLSSboost_natural_exp_L2.csv,Year Prediciton MSD,114.62921211510542,0.0,6.212997136299016,0.0,70.7064246584581,0.0,135.88119642206414,0.0,65.17477176360603,0.0,1126.3819088935852,96755.67717051506,26.383087924217385,0.0,57.126808318858316,0.0,5.165054323597153,0.0,29.558316855557617,0.0,
uci,XGLSSboost/natural/exp/MAD,XGLSSboost,True,exp,MAD,,,,uci_XGLSSboost_natural_exp_MAD.csv,Yacht Hydrodynamics,4.0443600930096695,4.690409721068445,230.97945594895472,980.7390484219907,1.4090352107666266,1.611558145753712,2.007669033575479,1.5715752648743606,0.5986338228088524,0.30852328337018364,0.7733218669891357,1060.1462941169739,0.400694231845109,0.21575118023396656,0.8971431169144963,0.8037020484847746,0.665837969285261,1.5046754063733234,0.6545584393482888,0.8092663835368905,
uci,XGLSSboost/natural/exp/MAD,XGLSSboost,True,exp,MAD,,,,uci_XGLSSboost_natural_exp_MAD.csv,Energy Efficiency,0.5814441344124888,0.2924571348728634,0.901415233121979,0.7119596464605636,0.30633984644044726,0.17664951624893455,0.5949890356082179,0.4058945243845929,0.28864918916777066,0.2305964730958145,2.152111625671387,1334.0650599002838,0.11537236653445535,0.08291829841014212,0.22466335716990682,0.151201692493958,0.07032232470368241,0.01639294861175735,0.13678601613601485,0.08076197137857781,
uci,XGLSSboost/natural/exp/MAD,XGLSSboost,True,exp,MAD,,,,uci_XGLSSboost_natural_exp_MAD.csv,Boston Housing,4.027521842535213,1.0652414784903506,2.6938801633335276,0.16207865785251158,2.048605687041889,0.3699013495549235,3.725141631192333,0.6233286886130819,1.6765359441504437,0.2986578899537586,2.69394656419754,2076.112453222275,0.6866866569970508,0.12956277843117,1.4397153557048121,0.2758964981618544,0.5909916999480344,0.14460070247448323,0.9057979042166325,0.1594124973529533,
uci,XGLSSboost/natural/exp/MAD,XGLSSboost,True,exp,MAD,,,,uci_XGLSSboost_natural_exp_MAD.csv,Wine Quality Red,0.6598524818635537,0.047603461223911,0.9833939569196358,0.074865191759201,0.3664204087894042,0.02934670378954754,0.7003963504357088,0.05719745785651571,0.3339759416463047,0.032543143296305116,1.5854406476020813,2138.2120938301086,0.11894273349466886,0.013095066366183102,0.254240446165204,0.022134060974160333,0.11340351694421735,0.008475410443649726,0.16219556553469675,0.013069668010652387,
uci,XGLSSboost/natural/exp/MAD,XGLSSboost,True,exp,MAD,,,,uci_XGLSSboost_natural_exp_MAD.csv,Naval Propulsion,0.0008435539161599232,4.8693687353060756e-05,-5.690488161029515,0.0465216630493239,0.00044440389366510525,2.0396843626254445e-05,0.000967226702187058,5.9715849393676e-05,0.0005228228085219528,4.783723774091375e-05,8.18888190984726,2110.5948054790497,0.00015114807107895352,8.923747749998722e-06,0.0002947993975972694,1.545636596195792e-05,0.00015288804474675584,7.667772944760749e-06,0.0001996118378076596,9.234896225461164e-06,
uci,XGLSSboost/natural/exp/MAD,XGLSSboost,True,exp,MAD,,,,uci_XGLSSboost_natural_exp_MAD.csv,Concrete Compression Strength,6.832847681175248,0.8200679127364682,3.3561976646065927,0.17106952241441023,3.610221020297284,0.4898980389284965,6.593179555743052,1.0090570690608642,2.982958535445768,0.5433603313306226,3.9419251084327698,2672.825348138809,1.266601365025372,0.1763282246059401,2.6462766744688406,0.4267758641801496,0.8649992054068365,0.144126715761242,1.59262574830035,0.2072830844304577,
uci,XGLSSboost/natural/exp/MAD,XGLSSboost,True,exp,MAD,,,,uci_XGLSSboost_natural_exp_MAD.csv,Combined Cycle Power Plant,3.7334202275289186,0.1959435373110603,2.7557989270623207,0.07914564061997915,1.9954364660271608,0.09868237081722539,3.6901560326893468,0.1969210294388374,1.6947195666621861,0.10865087977062973,6.097837162017822,4195.849103450775,0.674000862181976,0.039112770042322734,1.4081096200654002,0.07452833480669138,0.5479222349511075,0.027962703294913523,0.8766775723994945,0.04082487490059916,
uci,XGLSSboost/natural/exp/MAD,XGLSSboost,True,exp,MAD,,,,uci_XGLSSboost_natural_exp_MAD.csv,Kin8nm,0.1278386256509889,0.003588627966976692,-0.6536515777897501,0.02924963629861086,0.07202461063390372,0.0019206168715819082,0.13365327391114867,0.00331866414074842,0.061628663277244956,0.00203221616344409,12.892212271690369,4638.24825835228,0.024921386345909364,0.0008869600864346193,0.05101691380207194,0.001381134722480833,0.018761599366177387,0.0006291025116550178,0.03156663317138623,0.0008512722151005159,
uci,XGLSSboost/natural/exp/MAD,XGLSSboost,True,exp,MAD,,,,uci_XGLSSboost_natural_exp_MAD.csv,Year Prediciton MSD,1996.5803976178543,0.0,26538.4194905391,0.0,1991.7132547832675,0.0,1996.552303114902,0.0,4.83904833163459,0.0,942.5455586910248,21099.934925079346,200.76578822612544,0.0,998.2754567085597,0.0,1786.899550115686,0.0,995.3135983501237,0.0,
uci,XGLSSboost/natural/exp/MAD,XGLSSboost,True,exp,MAD,,,,uci_XGLSSboost_natural_exp_MAD.csv,Protein Structure,4.8710696866660115,0.353248416142589,2.964301679334448,0.11427690282949039,2.494773697231171,0.20918776695134772,4.640168394398096,0.5196707777835233,2.1453946971669247,0.31183202358377954,5.788650560379028,11306.675949573517,0.728621512651376,0.06373140032634328,1.776791483303183,0.16543689397091577,0.7742350564107228,0.027719920794540564,1.093216017455094,0.08409757645100958,
uci,XGLSSboost/natural/exp/None,XGLSSboost,True,exp,None,,,,uci_XGLSSboost_natural_exp_None.csv,Wine Quality Red,0.6254455953059325,0.03309546955180242,0.9072294534120016,0.06444758142017014,0.34376190109869537,0.017487877071643582,0.6912810576228958,0.028782607439106923,0.3475191565242004,0.024466521351957832,0.20941264629364015,1177.6023545265198,0.1129988270247499,0.009461039713059116,0.23708855547010899,0.011561253625348251,0.10542661795141099,0.007746771644068421,0.15183800014875662,0.0078039825871932264,
uci,XGLSSboost/natural/exp/None,XGLSSboost,True,exp,None,,,,uci_XGLSSboost_natural_exp_None.csv,Boston Housing,5.487227805418534,1.1939620826999262,2.940025745764871,0.16659937353400991,2.7894309087936313,0.49238920395349883,4.9002084117835265,0.8029545568887421,2.1107775029898956,0.3674647305384772,0.5505371332168579,1218.0347862243652,0.7468446073096281,0.12723744200567877,1.9876685873667395,0.3598757894167663,0.887419866542578,0.2207968534970999,1.207311020406315,0.20861684807944192,
uci,XGLSSboost/natural/exp/None,XGLSSboost,True,exp,None,,,,uci_XGLSSboost_natural_exp_None.csv,Energy Efficiency,0.48165523757554213,0.06733242489149348,0.5610867278225398,0.22367637171381313,0.2450148850645158,0.02427574746547376,0.478702219514755,0.04135193180505369,0.23368733445023926,0.02811697624186799,0.6618767857551575,1265.4332337379456,0.08286589189966528,0.010197733264541958,0.17976117747666,0.016048089357971793,0.059505903156954296,0.013437049312226217,0.10737765751109321,0.010953422564283603,
uci,XGLSSboost/natural/exp/None,XGLSSboost,True,exp,None,,,,uci_XGLSSboost_natural_exp_None.csv,Yacht Hydrodynamics,0.7500483747449367,0.3394052167164429,0.40750441597182785,0.23569271854600707,0.29509542961311735,0.09569991523984564,0.547982710719477,0.13386478724136008,0.25288728110635966,0.056071704535885995,0.4804349899291992,1391.7377452850342,0.09624715502249376,0.028001609470365167,0.207472674751474,0.062250538921498524,0.09357359893082311,0.05085657657279764,0.13243114290159697,0.044125177135818455,
uci,XGLSSboost/natural/exp/None,XGLSSboost,True,exp,None,,,,uci_XGLSSboost_natural_exp_None.csv,Concrete Compression Strength,5.812668121798439,0.8474225894402554,3.3445897097228703,0.29087097406994417,3.179553214476198,0.48952535759282645,5.411736324026849,0.8861037622451203,2.232183109550651,0.47576706180037953,1.4658491373062135,1443.2274632453918,0.9745487397320117,0.1703926220506079,2.2237052098025307,0.34609105345711255,0.9932470234239945,0.16735004210744941,1.397166990986179,0.20591988149933063,
uci,XGLSSboost/natural/exp/None,XGLSSboost,True,exp,None,,,,uci_XGLSSboost_natural_exp_None.csv,Combined Cycle Power Plant,3.5376096519132636,0.17322758997685353,2.7227556682418745,0.1686343299309548,1.881052076952076,0.09373178404162759,3.5173324147466074,0.23364247529503515,1.6362803377945312,0.1605967371225245,3.8227248787879944,2034.3643207550049,0.6021972253872685,0.035258024717985635,1.3090105290746736,0.06830159218582424,0.5811983388717549,0.03277320759995568,0.8308020311112324,0.039953546222057934,
uci,XGLSSboost/natural/exp/None,XGLSSboost,True,exp,None,,,,uci_XGLSSboost_natural_exp_None.csv,Naval Propulsion,0.03041008034227723,8.419174286136162e-05,-2.0851508081992383,0.002811572128351481,0.018376327405598254,5.237340468425443e-05,0.03530016702566528,8.973067065639322e-05,0.01692383962006703,3.914594579623573e-05,13.867777168750763,5234.439854383469,0.006905975531725178,1.7079530686991842e-05,0.015116314597351643,4.158088889777776e-05,0.0008595926230388675,3.3638862502299567e-06,0.007627294250705229,1.970480720423806e-05,
uci,XGLSSboost/natural/exp/None,XGLSSboost,True,exp,None,,,,uci_XGLSSboost_natural_exp_None.csv,Kin8nm,0.18076754162222528,0.004291256358321814,-0.35905484850059005,0.02562592540080308,0.1015163252027043,0.002376099490730669,0.1859695595227709,0.00420898209051563,0.0844532343200666,0.002224677459107568,7.279651844501496,5265.382654905319,0.03213386041965875,0.0010580600995488264,0.07346126944446042,0.001765301454003506,0.02566589584640559,0.0006789238700309884,0.04375367523684158,0.0009643799419685012Year Prediciton MSD,"['9.332879862640102', '0.0', '8.88390962014036', '0.0', '5.881420198159908', '0.0', '7.266307665290433', '0.0', '1.384887467130525', '0.0', '827.7640585899353', '26705.305462121964', '2.3142641998285822', '0.0', '3.4885141728482147', '0.0', '2.5943715906178846', '0.0', '2.799049987764894', '0.0']"
uci,XGLSSboost/natural/exp/None,XGLSSboost,True,exp,None,,,,uci_XGLSSboost_natural_exp_None.csv,Protein Structure,4.052310416304759,0.03801317888491425,2.7322970115466303,0.01802801116547052,2.172838844459045,0.028359908057547616,4.129552196695256,0.0853332014831889,1.956713352236212,0.058960955788911085,17.742826461791992,9188.215059280396,0.6022706573948519,0.009611126946125351,1.5097965585507584,0.02611302814214653,0.7698051073869143,0.0058651347850826475,0.9606241077775082,0.0119532416253689,
uci,XGLSSboost/natural/exp/None,XGLSSboost,True,exp,None,,,,uci_XGLSSboost_natural_exp_None.csv,Year Prediciton MSD,9.084624985249295,0.0,3.515859004738416,0.0,4.708832528491056,0.0,8.994970098425146,0.0,4.286137569934089,0.0,144.97060370445251,86465.25801539421,1.8791427799272595,0.0,3.198032818554691,0.0,1.2167673831661536,0.0,2.0979809938827017,0.0,
uci,XGLSSboost/no_natural/exp/L2,XGLSSboost,False,exp,L2,,,,uci_XGLSSboost_no_natural_exp_L2.csv,Wine Quality Red,0.6391793428797741,0.034579700929598764,0.9408224681978595,0.061713248740146456,0.35223772985271673,0.018966266406710435,0.6796174923833831,0.025710208482625497,0.32737976253066625,0.017430817770319768,1.6613511323928833,1431.7194530963898,0.11286542033533123,0.009482260892279153,0.24394225291907787,0.013009503236436784,0.11210908984133858,0.007951794300399417,0.15630558769858255,0.00824783193208883,
uci,XGLSSboost/no_natural/exp/L2,XGLSSboost,False,exp,L2,,,,uci_XGLSSboost_no_natural_exp_L2.csv,Yacht Hydrodynamics,12.814583185766812,3.584530494721925,5.537602675273375,10.15450527415481,3.7935686294014532,1.4153537057300267,7.118956439083346,2.6237372810949853,3.3253878096818936,1.2462957991319001,1.8636044621467591,1600.4657289981842,1.3783162615987474,0.5004890730713154,3.05705533582597,1.0769785472246147,0.3844436012715401,0.6325202053262463,1.606605066232086,0.5907577429447111,
uci,XGLSSboost/no_natural/exp/L2,XGLSSboost,False,exp,L2,,,,uci_XGLSSboost_no_natural_exp_L2.csv,Boston Housing,6.717340189095573,1.4586421271889232,2.868387711213795,0.2875287889349758,2.786537435913764,0.5743988227132926,5.0044711470720165,0.8722287142447065,2.2179337111582536,0.36726560834577404,1.8802213788032531,1483.8568744659424,0.9087619779931805,0.14404907506109785,2.028022629279716,0.39682280486580923,0.7016742408280996,0.260627471606371,1.2128196160336653,0.24422713959210873,
uci,XGLSSboost/no_natural/exp/L2,XGLSSboost,False,exp,L2,,,,uci_XGLSSboost_no_natural_exp_L2.csv,Energy Efficiency,2.035745960309148,0.24843082127455043,4.438791009836768,8.581054435394941,0.7673037452871087,0.11295417507179696,1.7353700275678203,0.24163199238847827,0.9680662822807118,0.1399574667497547,2.7254300713539124,1521.7099509239197,0.33708015858445345,0.04790113680206353,0.6041218434011781,0.0930600802584951,0.12498764908026053,0.02249223961331563,0.3553965503552974,0.04946167076507137,
uci,XGLSSboost/no_natural/exp/L2,XGLSSboost,False,exp,L2,,,,uci_XGLSSboost_no_natural_exp_L2.csv,Concrete Compression Strength,13.19590355579317,2.4083821646794212,3.6460927684652886,0.17159537886464007,6.330885632028803,1.199270762764548,11.97062313292395,2.3373570100494128,5.639737500895147,1.173753470039839,1.9243184804916382,2021.3357918262482,2.196548893804282,0.4902307921520857,4.8403354582073606,1.0231984086199333,1.159799397825913,0.16615869901143773,2.7322279166125183,0.5037984089571593,
uci,XGLSSboost/no_natural/exp/L2,XGLSSboost,False,exp,L2,,,,uci_XGLSSboost_no_natural_exp_L2.csv,Naval Propulsion,0.002079405690452536,0.0002588519635081347,-5.022460389035041,0.09964728256136013,0.00101626698442542,0.00010762173131270375,0.001990358344106563,0.00024187436817316692,0.0009740913596811434,0.00016029353121459536,5.27003333568573,3432.918930053711,0.00032006239365236757,3.3463814810852844e-05,0.0007019652335262062,7.274608234341984e-05,0.00032356840656617644,3.9060969203798566e-05,0.0004485320112482501,4.7130093311529366e-05,
uci,XGLSSboost/no_natural/exp/L2,XGLSSboost,False,exp,L2,,,,uci_XGLSSboost_no_natural_exp_L2.csv,Kin8nm,0.11487242154245195,0.003057331912829336,-0.8600198801354335,0.024824841560761243,0.06158495460585519,0.0014725676659459253,0.12502996479797165,0.002624953227949178,0.06344501019211649,0.002300732826774653,4.176011800765991,3927.7382028102875,0.019682400872685232,0.0006066669924789786,0.04356777466578339,0.0011961451062799926,0.01746998557387356,0.0004731436622776976,0.026906720370780728,0.0005864717679849992,
uci,XGLSSboost/no_natural/exp/L2,XGLSSboost,False,exp,L2,,,,uci_XGLSSboost_no_natural_exp_L2.csv,Combined Cycle Power Plant,4.461090582525118,1.5792853901066835,2.9550555025531478,0.37242537446503027,2.4104958744001963,0.9847278069948253,4.6170038537169855,1.95365640302311,2.2065079793167888,0.969961109905822,3.2976944923400877,4078.474650621414,0.8263843832334462,0.39399129782331754,1.732803196826325,0.8159461172574354,0.6004022276538613,0.03796795893922375,1.053196602571211,0.40978596488420604,
uci,XGLSSboost/no_natural/exp/L2,XGLSSboost,False,exp,L2,,,,uci_XGLSSboost_no_natural_exp_L2.csv,Protein Structure,4.555088136334532,0.1267069576261945,2.8731178764421594,0.11511844355591444,2.3444071786314993,0.0730058601671065,4.571898035935261,0.14492191649626474,2.2274908573037626,0.07401295613901873,40.48689694404602,7478.76797914505,0.6560172543609989,0.02152401299782794,1.643852653636214,0.054491383870668195,0.8072147539417542,0.02131282917995382,1.0356948873129892,0.031803494803629304,
uci,XGLSSboost/no_natural/exp/L2,XGLSSboost,False,exp,L2,,,,uci_XGLSSboost_no_natural_exp_L2.csv,Year Prediciton MSD,109.52112057491547,0.0,6.169912627816987,0.0,67.57367313767108,0.0,129.90895985675874,0.0,62.33528671908767,0.0,1059.432785987854,87195.02450084686,25.21422012210396,0.0,54.53730206328028,0.0,5.073920955142543,0.0,28.275147713508925,0.0,
uci,XGLSSboost/no_natural/exp/MAD,XGLSSboost,False,exp,MAD,,,,uci_XGLSSboost_no_natural_exp_MAD.csv,Yacht Hydrodynamics,14.563563810026466,3.8902777992152657,2.1975377501908286,2.084368731185006,4.187276728627002,1.4918777273255353,7.918710218357516,2.834222769260596,3.7314334897305144,1.3771589414110648,0.9068689942359924,998.3926055431366,1.5519613748821786,0.5608841952526424,3.460618565019833,1.2194398088364844,0.26508052437507285,0.27058406177101296,1.7592201547590283,0.6056719485704238,
uci,XGLSSboost/no_natural/exp/MAD,XGLSSboost,False,exp,MAD,,,,uci_XGLSSboost_no_natural_exp_MAD.csv,Energy Efficiency,2.759444772696629,1.244770075729419,2.2021116970241694,1.6076511845886057,1.1305469368595054,0.5310294585094065,2.304760083754337,1.1223091707786983,1.1742131468948314,0.6003251506426773,1.2290420889854432,1246.3559610843658,0.4502869822519334,0.2244257929390489,0.904983047124937,0.4458015813287719,0.12826979498289393,0.04362633227299449,0.49451327478658813,0.23624076370066668,
uci,XGLSSboost/no_natural/exp/MAD,XGLSSboost,False,exp,MAD,,,,uci_XGLSSboost_no_natural_exp_MAD.csv,Wine Quality Red,0.6828135795699781,0.03640346786385098,1.0047397225936527,0.0692708357402354,0.37602534725224857,0.02140624606591143,0.7227270870055171,0.0359326113263322,0.34670173975326857,0.02195005010087342,1.4600445985794068,1762.0332903862,0.12399299711059111,0.009064209253501246,0.25919111900031566,0.016732422755397682,0.11497111145824661,0.009339400089466439,0.16605174252305113,0.009056564775535922,
uci,XGLSSboost/no_natural/exp/MAD,XGLSSboost,False,exp,MAD,,,,uci_XGLSSboost_no_natural_exp_MAD.csv,Naval Propulsion,0.0011217271977814764,0.00010034658601000409,-5.539225086860051,0.028086084963273746,0.0005569129485990088,2.4555519676614856e-05,0.0013566480486695127,7.089702871903695e-05,0.0007997351000705038,4.969375306703363e-05,4.084518527984619,2024.729313135147,0.00020344154917099937,1.1085422488649032e-05,0.0003560430328983875,1.7430246972961217e-05,0.00019410505237717936,9.86255296699299e-06,0.0002511965448155221,1.1556130906383602e-05,
uci,XGLSSboost/no_natural/exp/MAD,XGLSSboost,False,exp,MAD,,,,uci_XGLSSboost_no_natural_exp_MAD.csv,Boston Housing,5.883702999133506,1.4457474226944016,2.7829941101978735,0.2512333867521028,2.5385144806750484,0.5259913289817976,4.635104004307108,0.9472816570090319,2.0965895236320593,0.4814396157568739,1.392917227745056,1998.1331450939178,0.8463981569004859,0.16903238756342917,1.8618827460326401,0.3978773110764577,0.5956233777810691,0.17283733122881043,1.1013014269047319,0.21470198131181029,
uci,XGLSSboost/no_natural/exp/MAD,XGLSSboost,False,exp,MAD,,,,uci_XGLSSboost_no_natural_exp_MAD.csv,Concrete Compression Strength,9.65760718000361,1.3908551076427182,3.427389737354072,0.17715386116584134,4.744998229051868,0.717621736366954,8.866649700808157,1.323079465381615,4.121651471756287,0.6455335659806627,3.2318465948104858,2683.4347774982452,1.653631523946289,0.2663789207127497,3.579486149041918,0.6022637632584495,0.931349270797225,0.12222369088888801,2.0548223145951443,0.29140607063374324,
uci,XGLSSboost/no_natural/exp/MAD,XGLSSboost,False,exp,MAD,,,,uci_XGLSSboost_no_natural_exp_MAD.csv,Combined Cycle Power Plant,3.983527612964372,0.19431772239830497,2.8074626987000704,0.16644646872284272,2.095947672372695,0.10032194542303345,3.833279186751011,0.18569929223677703,1.7373315143783166,0.09608043978288887,4.205421662330627,3786.566885948181,0.6877729614167187,0.03798800833629301,1.4880874546732645,0.07484511418105116,0.5719459766727953,0.03415847883849455,0.9159354642542598,0.04390275086723988,
uci,XGLSSboost/no_natural/exp/MAD,XGLSSboost,False,exp,MAD,,,,uci_XGLSSboost_no_natural_exp_MAD.csv,Kin8nm,0.13514850039834048,0.004843368506127542,-0.6515977997851904,0.037423814037750386,0.0744139067541155,0.0025677652265934953,0.1382085290404273,0.004230880526962148,0.06379462228631179,0.0020522606254229103,11.680464994907378,4351.608295917511,0.025012806063599187,0.0008827938126998297,0.053049705960313775,0.0018413658339705575,0.019344428485018557,0.0008691465571260819,0.03246898016964385,0.001055614034183401,
uci,XGLSSboost/no_natural/exp/MAD,XGLSSboost,False,exp,MAD,,,,uci_XGLSSboost_no_natural_exp_MAD.csv,Year Prediciton MSD,1996.5804030031873,0.0,26538.524811631254,0.0,1991.7132697610216,0.0,1996.55230850226,0.0,4.839038741238594,0.0,971.3980643749237,20583.885469675064,200.76578656385763,0.0,998.2754594035533,0.0,1786.8995747780737,0.0,995.3136069151615,0.0,
uci,XGLSSboost/no_natural/exp/MAD,XGLSSboost,False,exp,MAD,,,,uci_XGLSSboost_no_natural_exp_MAD.csv,Protein Structure,5.955693390906106,0.8125798136819267,3.145102579975087,0.12589823205108633,3.0597860274190034,0.4551352748459228,5.890570640011697,0.9070572845036834,2.830784612592693,0.452320599219856,22.995334815979003,12217.915025949478,0.9247201455458107,0.21364343451772486,2.1562912742646914,0.2723552461533751,0.8936065132568679,0.06741801281659347,1.32487264435579,0.18427544855814232,
uci,XGLSSboost/no_natural/exp/None,XGLSSboost,False,exp,None,,,,uci_XGLSSboost_no_natural_exp_None.csv,Wine Quality Red,0.6423007997942253,0.03669344233416141,0.9370486913963347,0.06858147953752133,0.35332275110472183,0.019628511184487857,0.6914056385865746,0.030647000762051388,0.3380828874818527,0.021320591450223185,0.5599028587341308,1107.9557230472565,0.11432792745995965,0.0099752804822394,0.24508976787328715,0.01401593423143199,0.10955895154784101,0.007942894109779663,0.15632554896036263,0.00839556947123881,
uci,XGLSSboost/no_natural/exp/None,XGLSSboost,False,exp,None,,,,uci_XGLSSboost_no_natural_exp_None.csv,Energy Efficiency,1.2677196754437725,0.2410093806500325,1.4928873858749236,1.2892780080040696,0.5215286546104014,0.0924338637465742,1.1006520986739432,0.21582917723634812,0.5791234440635418,0.12723166235865685,0.9163393020629883,1111.959811925888,0.21049257950553663,0.04421164305314245,0.40947118416575634,0.07731202358604043,0.07928245484512171,0.01600827612030624,0.23308207283880492,0.043295572921502684,
uci,XGLSSboost/no_natural/exp/None,XGLSSboost,False,exp,None,,,,uci_XGLSSboost_no_natural_exp_None.csv,Boston Housing,6.251400115201909,1.3830785308275306,3.1528728160040087,0.9173667013976975,2.8430280734147626,0.5534886955208278,4.844177275232941,0.8707130537541317,2.0011492018181785,0.37182924643610454,0.3746412396430969,1231.1200346946716,0.8236352297023215,0.15680280887927944,2.0438745683782242,0.40961673439344054,0.8360494877037329,0.23676233690487522,1.234519761928093,0.24438923931673848,
uci,XGLSSboost/no_natural/exp/None,XGLSSboost,False,exp,None,,,,uci_XGLSSboost_no_natural_exp_None.csv,Concrete Compression Strength,8.350673271532484,1.4938980373519626,3.5976821638097967,0.42205506702760676,4.3043121281602,0.7389696514853843,7.312179354882391,1.392223041400076,3.007867226722191,0.7155266034728668,0.2631443977355957,1200.9888896942139,1.261382654056612,0.19854328259870646,3.113018656395529,0.5600942773636378,1.2104657059714188,0.24420073520278662,1.8616223388078534,0.2937260271285561,
uci,XGLSSboost/no_natural/exp/None,XGLSSboost,False,exp,None,,,,uci_XGLSSboost_no_natural_exp_None.csv,Combined Cycle Power Plant,4.246096586046344,0.14809375988553264,2.816532383744742,0.14562563559380579,2.2231584009076037,0.08091226550503493,4.238040951978702,0.21462165222822419,2.014882551071098,0.151304228742706,3.4259525775909423,1840.9856369495392,0.748471088884283,0.03275794905745728,1.6015620655470382,0.06288384872000405,0.5604672348174201,0.03350174606059374,0.9701667964162471,0.03419788708914744,
uci,XGLSSboost/no_natural/exp/None,XGLSSboost,False,exp,None,,,,uci_XGLSSboost_no_natural_exp_None.csv,Naval Propulsion,0.0011437802386178272,0.0002519176392042408,-5.533648380436985,0.053909981796298946,0.0005579361815413834,6.360824880791587e-05,0.0010769469798364956,7.836608258679647e-05,0.0005190107982951124,2.3544190945053555e-05,4.107336974143982,2380.3158519268036,0.00020094766730591697,1.3077411770483533e-05,0.00039211556811544174,4.616618062541893e-05,0.0001445253607445423,2.3601820347443038e-05,0.0002458628653886337,2.6650957331065713e-05,
uci,XGLSSboost/no_natural/exp/None,XGLSSboost,False,exp,None,,,,uci_XGLSSboost_no_natural_exp_None.csv,Kin8nm,0.1593865534202225,0.00509369189821298,-0.5339498637034843,0.029213304158241513,0.08574338669327308,0.0024016421437751652,0.1542476204774634,0.0037090815299798286,0.06850423378419032,0.0016826216192190634,1.4008572220802307,4253.183775424957,0.027965052649256677,0.001002826239942632,0.06103454276723149,0.001759885381962367,0.02318442551353931,0.0007702955892484702,0.037394673643342494,0.000982255173465941,
uci,XGLSSboost/no_natural/exp/None,XGLSSboost,False,exp,None,,,,uci_XGLSSboost_no_natural_exp_None.csv,Year Prediciton MSD,9.116365765805735,0.0,3.444632450740474,0.0,4.548696512597154,0.0,8.622537204258355,0.0,4.073840691661202,0.0,439.8200044631958,89940.59424471855,1.8442492920564377,0.0,3.140378570660082,0.0,1.0695049784189647,0.0,2.018044280378495,0.0,
uci,XGLSSboost/no_natural/exp/None,XGLSSboost,False,exp,None,,,,uci_XGLSSboost_no_natural_exp_None.csv,Protein Structure,4.698295860743433,0.04732542827979893,2.9992052815865256,0.16054728317660413,2.474573044480792,0.039357661897802,4.697504640652839,0.08180363858520916,2.2229315961720473,0.05238269892329204,2.8907047748565673,7507.670905590057,0.6463921176111878,0.01101259059304744,1.775349482880769,0.029442342200060423,0.8277474985639838,0.01277365705173121,1.0831630330186468,0.015864502802575592,
uci,XGLSSboost/no_natural/exp/None,XGLSSboost,False,exp,None,,,,uci_XGLSSboost_no_natural_exp_None.csv,Yacht Hydrodynamics,4.5246129167643305,1.561298183115213,1.7056304524552819,0.959449246174906,1.4454889469153405,0.566724506647572,2.1205264279335383,0.6572277694812616,0.6750374810181975,0.11666861892916662,0.783450472354889,1635.2018394470215,0.3442053965248201,0.0881565981231988,0.953971949981826,0.32655031459554495,0.7385316313858417,0.40775275816842593,0.6789029926308292,0.27081275593831117,
